global_round,round,loss,train_total_loss,mean_loss,classification_loss,train_classification_loss,contrastive_loss,train_contrastive_loss,heterogeneous_loss,train_heterogeneous_loss,weighted_classification_loss,weighted_contrastive_loss,weighted_heterogeneous_loss,accuracy,train_accuracy,macro_f1,train_macro_f1,weighted_f1,K_t,pseudo_batch_size,pseudo_yield,total_pseudo_samples,mean_pseudo_batch_size,common_labels_json,local_step_common_labels_json,binding_success,empty_binding_round,empty_binding,empty_binding_rounds,binding_success_rate,configured_local_steps,attempted_local_steps,effective_local_steps,empty_binding_local_steps,round_binding_success_rate,coverage,cluster_slot_coverage,participation_fairness,latency,server_update_l1,client_update_l1,fusion_training_objective,binding_confidence_mean,selected_client_ids,selected_cluster_ids,expected_cluster_ids,clients_per_cluster_per_round,per_cluster_selected_json,round_status
1,1,4.163939952850342,4.163939952850342,4.163939952850342,2.483309507369995,2.483309507369995,4.365788459777832,4.365788459777832,2.4881036281585693,2.4881036281585693,2.483309507369995,0.4365788400173187,1.2440518140792847,0.09375,0.09375,0.032407407407407406,0.032407407407407406,0.03906249999999999,8,64,1.0,64,64.0,"[0, 1, 2, 3, 4, 5, 6, 7, 8, 9, 10, 11]","[[0, 1, 2, 3, 4, 5, 6, 7, 8, 9, 10, 11]]",1.0,0,0,0,1.0,1,1,1,0,1.0,1.0,1.0,0.2,0.9177733920514584,1.0668746829032898,415.6422973241133,mmbind_weighted_contrastive,1.0,"[""client_006"", ""client_015"", ""client_031"", ""client_023"", ""client_028"", ""client_016"", ""client_009"", ""client_030""]","[0, 1, 2, 3]","[0, 1, 2, 3]",2,"{""0"": 2, ""1"": 2, ""2"": 2, ""3"": 2}",effective
2,2,4.1687517166137695,4.1687517166137695,4.1687517166137695,2.484858274459839,2.484858274459839,4.424264907836914,4.424264907836914,2.48293399810791,2.48293399810791,2.484858274459839,0.44242650270462036,1.241466999053955,0.0625,0.0625,0.02665544332210999,0.02665544332210999,0.02909301346801347,8,64,1.0,64,64.0,"[0, 1, 2, 3, 4, 5, 6, 7, 8, 9, 10, 11]","[[0, 1, 2, 3, 4, 5, 6, 7, 8, 9, 10, 11]]",1.0,0,0,0,1.0,1,1,1,0,1.0,1.0,1.0,0.4,0.7934577479027212,0.8693607747554779,415.26338363983086,mmbind_weighted_contrastive,1.0,"[""client_021"", ""client_011"", ""client_014"", ""client_000"", ""client_026"", ""client_034"", ""client_007"", ""client_039""]","[0, 1, 2, 3]","[0, 1, 2, 3]",2,"{""0"": 2, ""1"": 2, ""2"": 2, ""3"": 2}",effective
3,3,4.187036514282227,4.187036514282227,4.187036514282227,2.488590955734253,2.488590955734253,4.526061534881592,4.526061534881592,2.4916787147521973,2.4916787147521973,2.488590955734253,0.4526061713695526,1.2458393573760986,0.03125,0.03125,0.014109347442680775,0.014109347442680775,0.011408730158730158,8,64,1.0,64,64.0,"[0, 1, 2, 3, 4, 5, 6, 7, 8, 9, 10, 11]","[[0, 1, 2, 3, 4, 5, 6, 7, 8, 9, 10, 11]]",1.0,0,0,0,1.0,1,1,1,0,1.0,1.0,1.0,0.6,0.8009082712233067,0.6698929071426392,412.1790684099542,mmbind_weighted_contrastive,1.0,"[""client_008"", ""client_029"", ""client_012"", ""client_035"", ""client_019"", ""client_036"", ""client_024"", ""client_001""]","[0, 1, 2, 3]","[0, 1, 2, 3]",2,"{""0"": 2, ""1"": 2, ""2"": 2, ""3"": 2}",effective
4,4,4.159458637237549,4.159458637237549,4.159458637237549,2.4794864654541016,2.4794864654541016,4.389171600341797,4.389171600341797,2.4821102619171143,2.4821102619171143,2.4794864654541016,0.4389171600341797,1.2410551309585571,0.078125,0.078125,0.027526395173454,0.027526395173454,0.04369343891402715,8,64,1.0,64,64.0,"[0, 1, 2, 3, 4, 5, 6, 7, 8, 9, 10, 11]","[[0, 1, 2, 3, 4, 5, 6, 7, 8, 9, 10, 11]]",1.0,0,0,0,1.0,1,1,1,0,1.0,1.0,1.0,0.8,0.8309928709641099,0.5684212148189545,411.57684443105245,mmbind_weighted_contrastive,1.0,"[""client_020"", ""client_022"", ""client_032"", ""client_004"", ""client_013"", ""client_038"", ""client_010"", ""client_002""]","[0, 1, 2, 3]","[0, 1, 2, 3]",2,"{""0"": 2, ""1"": 2, ""2"": 2, ""3"": 2}",effective
5,5,4.18040657043457,4.18040657043457,4.18040657043457,2.490875244140625,2.490875244140625,4.463818073272705,4.463818073272705,2.4862990379333496,2.4862990379333496,2.490875244140625,0.4463818073272705,1.2431495189666748,0.046875,0.046875,0.017239847151870612,0.017239847151870612,0.014937683284457479,8,64,1.0,64,64.0,"[0, 1, 2, 3, 4, 5, 6, 7, 8, 9, 10, 11]","[[0, 1, 2, 3, 4, 5, 6, 7, 8, 9, 10, 11]]",1.0,0,0,0,1.0,1,1,1,0,1.0,1.0,1.0,1.0,0.8157469122670591,0.5730727314949036,414.2017014430603,mmbind_weighted_contrastive,1.0,"[""client_025"", ""client_033"", ""client_003"", ""client_027"", ""client_037"", ""client_018"", ""client_017"", ""client_005""]","[0, 1, 2, 3]","[0, 1, 2, 3]",2,"{""0"": 2, ""1"": 2, ""2"": 2, ""3"": 2}",effective
6,6,4.1631574630737305,4.1631574630737305,4.1631574630737305,2.4810028076171875,2.4810028076171875,4.3915510177612305,4.3915510177612305,2.485999584197998,2.485999584197998,2.4810028076171875,0.43915510177612305,1.242999792098999,0.109375,0.109375,0.044708994708994705,0.044708994708994705,0.05153769841269841,8,64,1.0,64,64.0,"[0, 1, 2, 3, 4, 5, 6, 7, 8, 9, 10, 11]","[[0, 1, 2, 3, 4, 5, 6, 7, 8, 9, 10, 11]]",1.0,0,0,0,1.0,1,1,1,0,1.0,1.0,1.0,0.9,0.7783787050284445,0.5599401891231537,413.73314751370344,mmbind_weighted_contrastive,1.0,"[""client_032"", ""client_013"", ""client_025"", ""client_012"", ""client_039"", ""client_000"", ""client_023"", ""client_005""]","[0, 1, 2, 3]","[0, 1, 2, 3]",2,"{""0"": 2, ""1"": 2, ""2"": 2, ""3"": 2}",effective
7,7,4.154526710510254,4.154526710510254,4.154526710510254,2.470343828201294,2.470343828201294,4.4337897300720215,4.4337897300720215,2.481607437133789,2.481607437133789,2.470343828201294,0.4433789849281311,1.2408037185668945,0.140625,0.140625,0.058913308913308905,0.058913308913308905,0.05946657509157509,8,64,1.0,64,64.0,"[0, 1, 2, 3, 4, 5, 6, 7, 8, 9, 10, 11]","[[0, 1, 2, 3, 4, 5, 6, 7, 8, 9, 10, 11]]",1.0,0,0,0,1.0,1,1,1,0,1.0,1.0,1.0,0.8909090909090909,0.8063216712325811,0.45629504323005676,415.4032920556492,mmbind_weighted_contrastive,1.0,"[""client_029"", ""client_015"", ""client_031"", ""client_033"", ""client_006"", ""client_028"", ""client_014"", ""client_003""]","[0, 1, 2, 3]","[0, 1, 2, 3]",2,"{""0"": 2, ""1"": 2, ""2"": 2, ""3"": 2}",effective
8,8,4.146456241607666,4.146456241607666,4.146456241607666,2.469766855239868,2.469766855239868,4.366556167602539,4.366556167602539,2.480067729949951,2.480067729949951,2.469766855239868,0.43665561079978943,1.2400338649749756,0.140625,0.140625,0.07746721877156659,0.07746721877156659,0.08938815562456866,8,64,1.0,64,64.0,"[0, 1, 2, 3, 4, 5, 6, 7, 8, 9, 10]","[[0, 1, 2, 3, 4, 5, 6, 7, 8, 9, 10]]",1.0,0,0,0,1.0,1,1,1,0,1.0,1.0,1.0,0.9142857142857143,0.7359804138541222,0.3900657892227173,409.49493505846476,mmbind_weighted_contrastive,1.0,"[""client_035"", ""client_002"", ""client_026"", ""client_037"", ""client_017"", ""client_008"", ""client_027"", ""client_018""]","[0, 1, 2, 3]","[0, 1, 2, 3]",2,"{""0"": 2, ""1"": 2, ""2"": 2, ""3"": 2}",effective
9,9,4.153162479400635,4.153162479400635,4.153162479400635,2.475849151611328,2.475849151611328,4.358633041381836,4.358633041381836,2.4829001426696777,2.4829001426696777,2.475849151611328,0.43586331605911255,1.2414500713348389,0.140625,0.140625,0.050505050505050504,0.050505050505050504,0.07673611111111112,8,64,1.0,64,64.0,"[0, 1, 2, 3, 4, 5, 6, 7, 8, 9, 10]","[[0, 1, 2, 3, 4, 5, 6, 7, 8, 9, 10]]",1.0,0,0,0,1.0,1,1,1,0,1.0,1.0,1.0,0.9529411764705882,0.6811558208428323,0.3477528989315033,409.6957436997909,mmbind_weighted_contrastive,1.0,"[""client_001"", ""client_011"", ""client_034"", ""client_038"", ""client_007"", ""client_020"", ""client_016"", ""client_024""]","[0, 1, 2, 3]","[0, 1, 2, 3]",2,"{""0"": 2, ""1"": 2, ""2"": 2, ""3"": 2}",effective
10,10,4.163418769836426,4.163418769836426,4.163418769836426,2.479832410812378,2.479832410812378,4.412765979766846,4.412765979766846,2.484619617462158,2.484619617462158,2.479832410812378,0.4412766098976135,1.242309808731079,0.09375,0.09375,0.01818181818181818,0.01818181818181818,0.020454545454545454,8,64,1.0,64,64.0,"[0, 1, 2, 3, 4, 5, 6, 7, 8, 9, 10, 11]","[[0, 1, 2, 3, 4, 5, 6, 7, 8, 9, 10, 11]]",1.0,0,0,0,1.0,1,1,1,0,1.0,1.0,1.0,1.0,0.6709754769690335,0.30548718571662903,412.6154729766422,mmbind_weighted_contrastive,1.0,"[""client_010"", ""client_022"", ""client_021"", ""client_036"", ""client_019"", ""client_030"", ""client_004"", ""client_009""]","[0, 1, 2, 3]","[0, 1, 2, 3]",2,"{""0"": 2, ""1"": 2, ""2"": 2, ""3"": 2}",effective
11,11,4.1463470458984375,4.1463470458984375,4.1463470458984375,2.4720659255981445,2.4720659255981445,4.322633743286133,4.322633743286133,2.484035015106201,2.484035015106201,2.4720659255981445,0.4322633743286133,1.2420175075531006,0.109375,0.109375,0.036346516007532956,0.036346516007532956,0.03255649717514124,8,64,1.0,64,64.0,"[0, 1, 2, 3, 4, 5, 6, 7, 8, 9, 10, 11]","[[0, 1, 2, 3, 4, 5, 6, 7, 8, 9, 10, 11]]",1.0,0,0,0,1.0,1,1,1,0,1.0,1.0,1.0,0.968,0.6469377940520644,0.2679547071456909,415.9527123729931,mmbind_weighted_contrastive,1.0,"[""client_034"", ""client_038"", ""client_012"", ""client_018"", ""client_007"", ""client_027"", ""client_000"", ""client_021""]","[0, 1, 2, 3]","[0, 1, 2, 3]",2,"{""0"": 2, ""1"": 2, ""2"": 2, ""3"": 2}",effective
12,12,4.135502815246582,4.135502815246582,4.135502815246582,2.4679548740386963,2.4679548740386963,4.278192043304443,4.278192043304443,2.479456901550293,2.479456901550293,2.4679548740386963,0.42781922221183777,1.2397284507751465,0.109375,0.109375,0.055327868852459015,0.055327868852459015,0.06749487704918032,8,64,1.0,64,64.0,"[0, 1, 2, 3, 4, 5, 6, 7, 8, 9, 10, 11]","[[0, 1, 2, 3, 4, 5, 6, 7, 8, 9, 10, 11]]",1.0,0,0,0,1.0,1,1,1,0,1.0,1.0,1.0,0.96,0.6856323000974953,0.24633285403251648,408.07556368989754,mmbind_weighted_contrastive,1.0,"[""client_026"", ""client_002"", ""client_029"", ""client_001"", ""client_033"", ""client_014"", ""client_017"", ""client_031""]","[0, 1, 2, 3]","[0, 1, 2, 3]",2,"{""0"": 2, ""1"": 2, ""2"": 2, ""3"": 2}",effective
13,13,4.128549575805664,4.128549575805664,4.128549575805664,2.4593513011932373,2.4593513011932373,4.315211772918701,4.315211772918701,2.4753544330596924,2.4753544330596924,2.4593513011932373,0.4315211772918701,1.2376772165298462,0.140625,0.140625,0.03872053872053872,0.03872053872053872,0.04071969696969697,8,64,1.0,64,64.0,"[0, 1, 2, 3, 4, 5, 6, 7, 8, 9, 10, 11]","[[0, 1, 2, 3, 4, 5, 6, 7, 8, 9, 10, 11]]",1.0,0,0,0,1.0,1,1,1,0,1.0,1.0,1.0,0.9657142857142857,0.652191867120564,0.21495333313941956,405.9388973892492,mmbind_weighted_contrastive,1.0,"[""client_013"", ""client_006"", ""client_024"", ""client_036"", ""client_028"", ""client_016"", ""client_032"", ""client_009""]","[0, 1, 2, 3]","[0, 1, 2, 3]",2,"{""0"": 2, ""1"": 2, ""2"": 2, ""3"": 2}",effective
14,14,4.12507438659668,4.12507438659668,4.12507438659668,2.451653480529785,2.451653480529785,4.332054615020752,4.332054615020752,2.480431079864502,2.480431079864502,2.451653480529785,0.4332054555416107,1.240215539932251,0.203125,0.203125,0.15966688678553084,0.15966688678553084,0.14805160411622276,8,64,1.0,64,64.0,"[0, 1, 2, 3, 4, 5, 6, 7, 8, 9, 10, 11]","[[0, 1, 2, 3, 4, 5, 6, 7, 8, 9, 10, 11]]",1.0,0,0,0,1.0,1,1,1,0,1.0,1.0,1.0,0.98,0.6536465468816459,0.1180819571018219,408.0732258854259,mmbind_weighted_contrastive,1.0,"[""client_011"", ""client_019"", ""client_003"", ""client_008"", ""client_035"", ""client_025"", ""client_030"", ""client_022""]","[0, 1, 2, 3]","[0, 1, 2, 3]",2,"{""0"": 2, ""1"": 2, ""2"": 2, ""3"": 2}",effective
15,15,4.131943702697754,4.131943702697754,4.131943702697754,2.464522123336792,2.464522123336792,4.26945161819458,4.26945161819458,2.480952739715576,2.480952739715576,2.464522123336792,0.42694517970085144,1.240476369857788,0.109375,0.109375,0.03896103896103896,0.03896103896103896,0.04383116883116883,8,64,1.0,64,64.0,"[0, 1, 2, 3, 4, 5, 6, 7, 8, 9, 10, 11]","[[0, 1, 2, 3, 4, 5, 6, 7, 8, 9, 10, 11]]",1.0,0,0,0,1.0,1,1,1,0,1.0,1.0,1.0,1.0,0.654116434045136,0.08434823155403137,398.9285901658004,mmbind_weighted_contrastive,1.0,"[""client_005"", ""client_020"", ""client_039"", ""client_015"", ""client_010"", ""client_037"", ""client_023"", ""client_004""]","[0, 1, 2, 3]","[0, 1, 2, 3]",2,"{""0"": 2, ""1"": 2, ""2"": 2, ""3"": 2}",effective
16,16,4.119904518127441,4.119904518127441,4.119904518127441,2.4489808082580566,2.4489808082580566,4.358001232147217,4.358001232147217,2.470247507095337,2.470247507095337,2.4489808082580566,0.43580013513565063,1.2351237535476685,0.09375,0.09375,0.015810276679841896,0.015810276679841896,0.016304347826086956,8,64,1.0,64,64.0,"[0, 1, 2, 3, 4, 5, 6, 7, 8, 9, 10]","[[0, 1, 2, 3, 4, 5, 6, 7, 8, 9, 10]]",1.0,0,0,0,1.0,1,1,1,0,1.0,1.0,1.0,0.9846153846153847,0.647583520039916,0.046848446130752563,405.3089741882577,mmbind_weighted_contrastive,1.0,"[""client_017"", ""client_036"", ""client_023"", ""client_033"", ""client_028"", ""client_011"", ""client_000"", ""client_007""]","[0, 1, 2, 3]","[0, 1, 2, 3]",2,"{""0"": 2, ""1"": 2, ""2"": 2, ""3"": 2}",effective
17,17,4.10880708694458,4.10880708694458,4.10880708694458,2.438961982727051,2.438961982727051,4.343582630157471,4.343582630157471,2.470973253250122,2.470973253250122,2.438961982727051,0.43435826897621155,1.235486626625061,0.15625,0.15625,0.041666666666666664,0.041666666666666664,0.0625,8,64,1.0,64,64.0,"[0, 1, 2, 3, 4, 5, 6, 7, 8, 9, 10, 11]","[[0, 1, 2, 3, 4, 5, 6, 7, 8, 9, 10, 11]]",1.0,0,0,0,1.0,1,1,1,0,1.0,1.0,1.0,0.9796610169491525,0.6412306441925466,0.034058570861816406,413.6175775589072,mmbind_weighted_contrastive,1.0,"[""client_021"", ""client_027"", ""client_030"", ""client_010"", ""client_019"", ""client_031"", ""client_008"", ""client_001""]","[0, 1, 2, 3]","[0, 1, 2, 3]",2,"{""0"": 2, ""1"": 2, ""2"": 2, ""3"": 2}",effective
18,18,4.10272741317749,4.10272741317749,4.10272741317749,2.430647373199463,2.430647373199463,4.380561828613281,4.380561828613281,2.468047618865967,2.468047618865967,2.430647373199463,0.43805620074272156,1.2340238094329834,0.21875,0.21875,0.1411764705882353,0.1411764705882353,0.1324142156862745,8,64,1.0,64,64.0,"[0, 1, 2, 3, 4, 5, 6, 7, 8, 9, 10, 11]","[[0, 1, 2, 3, 4, 5, 6, 7, 8, 9, 10, 11]]",1.0,0,0,0,1.0,1,1,1,0,1.0,1.0,1.0,0.9818181818181818,0.6448527881875634,0.11455538868904114,401.4477357325377,mmbind_weighted_contrastive,1.0,"[""client_038"", ""client_003"", ""client_035"", ""client_002"", ""client_029"", ""client_014"", ""client_026"", ""client_015""]","[0, 1, 2, 3]","[0, 1, 2, 3]",2,"{""0"": 2, ""1"": 2, ""2"": 2, ""3"": 2}",effective
19,19,4.122687816619873,4.122687816619873,4.122687816619873,2.4522862434387207,2.4522862434387207,4.307689189910889,4.307689189910889,2.479264974594116,2.479264974594116,2.4522862434387207,0.4307689368724823,1.239632487297058,0.109375,0.109375,0.06111111111111111,0.06111111111111111,0.06524621212121212,8,64,1.0,64,64.0,"[0, 1, 2, 3, 4, 5, 6, 7, 8, 9, 10, 11]","[[0, 1, 2, 3, 4, 5, 6, 7, 8, 9, 10, 11]]",1.0,0,0,0,1.0,1,1,1,0,1.0,1.0,1.0,0.989041095890411,0.7389444732107222,0.15591010451316833,400.0832546406018,mmbind_weighted_contrastive,1.0,"[""client_005"", ""client_016"", ""client_006"", ""client_024"", ""client_013"", ""client_032"", ""client_037"", ""client_022""]","[0, 1, 2, 3]","[0, 1, 2, 3]",2,"{""0"": 2, ""1"": 2, ""2"": 2, ""3"": 2}",effective
20,20,4.129796504974365,4.129796504974365,4.129796504974365,2.4596550464630127,2.4596550464630127,4.301302909851074,4.301302909851074,2.480022430419922,2.480022430419922,2.4596550464630127,0.4301303029060364,1.240011215209961,0.0625,0.0625,0.009950248756218905,0.009950248756218905,0.009328358208955223,8,64,1.0,64,64.0,"[0, 1, 2, 3, 4, 5, 6, 7, 8, 9, 10, 11]","[[0, 1, 2, 3, 4, 5, 6, 7, 8, 9, 10, 11]]",1.0,0,0,0,1.0,1,1,1,0,1.0,1.0,1.0,1.0,0.7157479198649526,0.15505966544151306,399.82298553327564,mmbind_weighted_contrastive,1.0,"[""client_025"", ""client_004"", ""client_012"", ""client_039"", ""client_009"", ""client_020"", ""client_018"", ""client_034""]","[0, 1, 2, 3]","[0, 1, 2, 3]",2,"{""0"": 2, ""1"": 2, ""2"": 2, ""3"": 2}",effective
21,21,4.089553356170654,4.089553356170654,4.089553356170654,2.4253785610198975,2.4253785610198975,4.319870471954346,4.319870471954346,2.4643752574920654,2.4643752574920654,2.4253785610198975,0.43198704719543457,1.2321876287460327,0.09375,0.09375,0.044966471437059674,0.044966471437059674,0.059177316760037346,8,64,1.0,64,64.0,"[0, 1, 2, 3, 4, 5, 6, 7, 8, 9, 10, 11]","[[0, 1, 2, 3, 4, 5, 6, 7, 8, 9, 10, 11]]",1.0,0,0,0,1.0,1,1,1,0,1.0,1.0,1.0,0.9910112359550561,0.6575141698122025,0.1990346610546112,399.2408105127979,mmbind_weighted_contrastive,1.0,"[""client_032"", ""client_025"", ""client_000"", ""client_010"", ""client_023"", ""client_009"", ""client_017"", ""client_031""]","[0, 1, 2, 3]","[0, 1, 2, 3]",2,"{""0"": 2, ""1"": 2, ""2"": 2, ""3"": 2}",effective
22,22,4.100755214691162,4.100755214691162,4.100755214691162,2.4381778240203857,2.4381778240203857,4.254952907562256,4.254952907562256,2.474163770675659,2.474163770675659,2.4381778240203857,0.42549529671669006,1.2370818853378296,0.015625,0.015625,0.0032467532467532465,0.0032467532467532465,0.0005580357142857143,8,64,1.0,64,64.0,"[0, 1, 2, 3, 4, 5, 6, 7, 8, 9, 10, 11]","[[0, 1, 2, 3, 4, 5, 6, 7, 8, 9, 10, 11]]",1.0,0,0,0,1.0,1,1,1,0,1.0,1.0,1.0,0.9877551020408163,0.7287926077842712,0.2271171510219574,397.68321083066985,mmbind_weighted_contrastive,1.0,"[""client_011"", ""client_035"", ""client_003"", ""client_019"", ""client_001"", ""client_024"", ""client_028"", ""client_038""]","[0, 1, 2, 3]","[0, 1, 2, 3]",2,"{""0"": 2, ""1"": 2, ""2"": 2, ""3"": 2}",effective
23,23,4.099515914916992,4.099515914916992,4.099515914916992,2.434147834777832,2.434147834777832,4.301314830780029,4.301314830780029,2.4704737663269043,2.4704737663269043,2.434147834777832,0.4301314949989319,1.2352368831634521,0.109375,0.109375,0.07482517482517483,0.07482517482517483,0.08269230769230769,8,64,1.0,64,64.0,"[0, 1, 2, 3, 4, 5, 6, 7, 8, 9, 10, 11]","[[0, 1, 2, 3, 4, 5, 6, 7, 8, 9, 10, 11]]",1.0,0,0,0,1.0,1,1,1,0,1.0,1.0,1.0,0.9887850467289719,0.6687648589722812,0.23710745573043823,401.14398053471814,mmbind_weighted_contrastive,1.0,"[""client_014"", ""client_005"", ""client_004"", ""client_018"", ""client_021"", ""client_022"", ""client_037"", ""client_033""]","[0, 1, 2, 3]","[0, 1, 2, 3]",2,"{""0"": 2, ""1"": 2, ""2"": 2, ""3"": 2}",effective
24,24,4.106786727905273,4.106786727905273,4.106786727905273,2.44478178024292,2.44478178024292,4.237123012542725,4.237123012542725,2.476585865020752,2.476585865020752,2.44478178024292,0.4237123131752014,1.238292932510376,0.09375,0.09375,0.049999999999999996,0.049999999999999996,0.059375,8,64,1.0,64,64.0,"[0, 1, 2, 3, 4, 5, 6, 7, 8, 9, 10, 11]","[[0, 1, 2, 3, 4, 5, 6, 7, 8, 9, 10, 11]]",1.0,0,0,0,1.0,1,1,1,0,1.0,1.0,1.0,0.993103448275862,0.6753089209087193,0.2531968951225281,402.836604079901,mmbind_weighted_contrastive,1.0,"[""client_030"", ""client_026"", ""client_016"", ""client_012"", ""client_039"", ""client_002"", ""client_029"", ""client_007""]","[0, 1, 2, 3]","[0, 1, 2, 3]",2,"{""0"": 2, ""1"": 2, ""2"": 2, ""3"": 2}",effective
25,25,4.095093727111816,4.095093727111816,4.095093727111816,2.430144786834717,2.430144786834717,4.345771789550781,4.345771789550781,2.4607436656951904,2.4607436656951904,2.430144786834717,0.43457719683647156,1.2303718328475952,0.140625,0.140625,0.09121863799283154,0.09121863799283154,0.10426747311827957,8,64,1.0,64,64.0,"[0, 1, 2, 3, 4, 5, 6, 7, 8, 9, 10, 11]","[[0, 1, 2, 3, 4, 5, 6, 7, 8, 9, 10, 11]]",1.0,0,0,0,1.0,1,1,1,0,1.0,1.0,1.0,1.0,0.650271899998188,0.2879364490509033,398.75612614359125,mmbind_weighted_contrastive,1.0,"[""client_008"", ""client_013"", ""client_036"", ""client_006"", ""client_027"", ""client_034"", ""client_015"", ""client_020""]","[0, 1, 2, 3]","[0, 1, 2, 3]",2,"{""0"": 2, ""1"": 2, ""2"": 2, ""3"": 2}",effective
26,26,4.069958209991455,4.069958209991455,4.069958209991455,2.4115264415740967,2.4115264415740967,4.241363048553467,4.241363048553467,2.46859073638916,2.46859073638916,2.4115264415740967,0.42413631081581116,1.23429536819458,0.171875,0.171875,0.16921401039048098,0.16921401039048098,0.17702362996480642,8,64,1.0,64,64.0,"[0, 1, 2, 3, 4, 5, 6, 7, 8, 9, 10, 11]","[[0, 1, 2, 3, 4, 5, 6, 7, 8, 9, 10, 11]]",1.0,0,0,0,1.0,1,1,1,0,1.0,1.0,1.0,0.9941176470588236,0.6476740906946361,0.3724108636379242,391.4489692180359,mmbind_weighted_contrastive,1.0,"[""client_022"", ""client_015"", ""client_026"", ""client_000"", ""client_008"", ""client_035"", ""client_030"", ""client_011""]","[0, 1, 2, 3]","[0, 1, 2, 3]",2,"{""0"": 2, ""1"": 2, ""2"": 2, ""3"": 2}",effective
27,27,4.104384422302246,4.104384422302246,4.104384422302246,2.4375574588775635,2.4375574588775635,4.313063144683838,4.313063144683838,2.471041202545166,2.471041202545166,2.4375574588775635,0.4313063323497772,1.235520601272583,0.171875,0.171875,0.10432098765432098,0.10432098765432098,0.08738425925925924,8,64,1.0,64,64.0,"[0, 1, 2, 3, 4, 5, 6, 7, 8, 9, 10, 11]","[[0, 1, 2, 3, 4, 5, 6, 7, 8, 9, 10, 11]]",1.0,0,0,0,1.0,1,1,1,0,1.0,1.0,1.0,0.9918367346938776,0.6439766958355904,0.3733280599117279,397.32516806724016,mmbind_weighted_contrastive,1.0,"[""client_001"", ""client_016"", ""client_014"", ""client_009"", ""client_032"", ""client_028"", ""client_038"", ""client_020""]","[0, 1, 2, 3]","[0, 1, 2, 3]",2,"{""0"": 2, ""1"": 2, ""2"": 2, ""3"": 2}",effective
28,28,4.0757317543029785,4.0757317543029785,4.0757317543029785,2.412442207336426,2.412442207336426,4.284546375274658,4.284546375274658,2.4696695804595947,2.4696695804595947,2.412442207336426,0.4284546375274658,1.2348347902297974,0.15625,0.15625,0.1357763365960087,0.1357763365960087,0.15374388248363657,8,64,1.0,64,64.0,"[0, 1, 2, 3, 4, 5, 6, 7, 8, 9, 10, 11]","[[0, 1, 2, 3, 4, 5, 6, 7, 8, 9, 10, 11]]",1.0,0,0,0,1.0,1,1,1,0,1.0,1.0,1.0,0.9924050632911392,0.673887494020164,0.43956276774406433,397.46391154819867,mmbind_weighted_contrastive,1.0,"[""client_018"", ""client_027"", ""client_037"", ""client_029"", ""client_005"", ""client_019"", ""client_031"", ""client_007""]","[0, 1, 2, 3]","[0, 1, 2, 3]",2,"{""0"": 2, ""1"": 2, ""2"": 2, ""3"": 2}",effective
29,29,4.058234214782715,4.058234214782715,4.058234214782715,2.4009294509887695,2.4009294509887695,4.291541576385498,4.291541576385498,2.45630145072937,2.45630145072937,2.4009294509887695,0.4291541576385498,1.228150725364685,0.234375,0.234375,0.2514179225409172,0.2514179225409172,0.16457776292335116,8,64,1.0,64,64.0,"[0, 1, 2, 3, 4, 5, 6, 7, 8, 9, 10]","[[0, 1, 2, 3, 4, 5, 6, 7, 8, 9, 10]]",1.0,0,0,0,1.0,1,1,1,0,1.0,1.0,1.0,0.9952662721893492,0.6711485483683646,0.4993164837360382,391.54669305548305,mmbind_weighted_contrastive,1.0,"[""client_025"", ""client_010"", ""client_017"", ""client_006"", ""client_004"", ""client_036"", ""client_024"", ""client_033""]","[0, 1, 2, 3]","[0, 1, 2, 3]",2,"{""0"": 2, ""1"": 2, ""2"": 2, ""3"": 2}",effective
30,30,4.089751720428467,4.089751720428467,4.089751720428467,2.426285743713379,2.426285743713379,4.263020992279053,4.263020992279053,2.474327564239502,2.474327564239502,2.426285743713379,0.42630210518836975,1.237163782119751,0.140625,0.140625,0.07359307359307359,0.07359307359307359,0.0716314935064935,8,64,1.0,64,64.0,"[0, 1, 2, 3, 4, 5, 6, 7, 8, 9, 10, 11]","[[0, 1, 2, 3, 4, 5, 6, 7, 8, 9, 10, 11]]",1.0,0,0,0,1.0,1,1,1,0,1.0,1.0,1.0,1.0,0.639771519228816,0.5271370708942413,397.0814342959784,mmbind_weighted_contrastive,1.0,"[""client_034"", ""client_039"", ""client_012"", ""client_002"", ""client_013"", ""client_021"", ""client_003"", ""client_023""]","[0, 1, 2, 3]","[0, 1, 2, 3]",2,"{""0"": 2, ""1"": 2, ""2"": 2, ""3"": 2}",effective
31,31,4.039615631103516,4.039615631103516,4.039615631103516,2.382368803024292,2.382368803024292,4.25747013092041,4.25747013092041,2.4630002975463867,2.4630002975463867,2.382368803024292,0.42574700713157654,1.2315001487731934,0.3125,0.3125,0.23757215007215005,0.23757215007215005,0.28161864177489176,8,64,1.0,64,64.0,"[0, 1, 2, 3, 4, 5, 6, 7, 8, 9, 10, 11]","[[0, 1, 2, 3, 4, 5, 6, 7, 8, 9, 10, 11]]",1.0,0,0,0,1.0,1,1,1,0,1.0,1.0,1.0,0.9958549222797928,0.6425990108400583,0.6508968472480774,383.786958581768,mmbind_weighted_contrastive,1.0,"[""client_024"", ""client_011"", ""client_030"", ""client_031"", ""client_005"", ""client_015"", ""client_009"", ""client_020""]","[0, 1, 2, 3]","[0, 1, 2, 3]",2,"{""0"": 2, ""1"": 2, ""2"": 2, ""3"": 2}",effective
32,32,4.029155254364014,4.029155254364014,4.029155254364014,2.373838186264038,2.373838186264038,4.297635555267334,4.297635555267334,2.4511070251464844,2.4511070251464844,2.373838186264038,0.4297635555267334,1.2255535125732422,0.359375,0.359375,0.24282945404268932,0.24282945404268932,0.3020870023052928,8,64,1.0,64,64.0,"[0, 1, 2, 3, 4, 5, 6, 7, 8, 9, 10, 11]","[[0, 1, 2, 3, 4, 5, 6, 7, 8, 9, 10, 11]]",1.0,0,0,0,1.0,1,1,1,0,1.0,1.0,1.0,0.9941747572815534,0.6360842073336244,0.754723846912384,389.2464263479633,mmbind_weighted_contrastive,1.0,"[""client_004"", ""client_034"", ""client_026"", ""client_006"", ""client_038"", ""client_017"", ""client_028"", ""client_018""]","[0, 1, 2, 3]","[0, 1, 2, 3]",2,"{""0"": 2, ""1"": 2, ""2"": 2, ""3"": 2}",effective
33,33,4.024747848510742,4.024747848510742,4.024747848510742,2.37137770652771,2.37137770652771,4.235533237457275,4.235533237457275,2.4596333503723145,2.4596333503723145,2.37137770652771,0.42355331778526306,1.2298166751861572,0.34375,0.34375,0.20322997416020672,0.20322997416020672,0.2872214147286822,8,64,1.0,64,64.0,"[0, 1, 2, 3, 4, 5, 6, 7, 8, 9, 10, 11]","[[0, 1, 2, 3, 4, 5, 6, 7, 8, 9, 10, 11]]",1.0,0,0,0,1.0,1,1,1,0,1.0,1.0,1.0,0.9945205479452055,0.6344535062089562,0.851383239030838,389.2255591642461,mmbind_weighted_contrastive,1.0,"[""client_037"", ""client_012"", ""client_025"", ""client_010"", ""client_000"", ""client_032"", ""client_007"", ""client_029""]","[0, 1, 2, 3]","[0, 1, 2, 3]",2,"{""0"": 2, ""1"": 2, ""2"": 2, ""3"": 2}",effective
34,34,4.025544166564941,4.025544166564941,4.025544166564941,2.3748111724853516,2.3748111724853516,4.207160949707031,4.207160949707031,2.460033416748047,2.460033416748047,2.3748111724853516,0.4207161068916321,1.2300167083740234,0.421875,0.421875,0.33290644540644543,0.33290644540644543,0.37473732864357867,8,64,1.0,64,64.0,"[0, 1, 2, 3, 4, 5, 6, 7, 8, 9, 10, 11]","[[0, 1, 2, 3, 4, 5, 6, 7, 8, 9, 10, 11]]",1.0,0,0,0,1.0,1,1,1,0,1.0,1.0,1.0,0.996551724137931,0.6380387898534536,0.943126767873764,389.4970119209611,mmbind_weighted_contrastive,1.0,"[""client_014"", ""client_039"", ""client_003"", ""client_002"", ""client_021"", ""client_033"", ""client_023"", ""client_013""]","[0, 1, 2, 3]","[0, 1, 2, 3]",2,"{""0"": 2, ""1"": 2, ""2"": 2, ""3"": 2}",effective
35,35,3.986098051071167,3.986098051071167,3.986098051071167,2.3487420082092285,2.3487420082092285,4.13374662399292,4.13374662399292,2.447962760925293,2.447962760925293,2.3487420082092285,0.413374662399292,1.2239813804626465,0.328125,0.328125,0.16932189542483658,0.16932189542483658,0.21411611519607843,8,64,1.0,64,64.0,"[0, 1, 2, 3, 4, 5, 6, 7, 8, 9, 10, 11]","[[0, 1, 2, 3, 4, 5, 6, 7, 8, 9, 10, 11]]",1.0,0,0,0,1.0,1,1,1,0,1.0,1.0,1.0,1.0,0.6448141592554748,1.0716556012630463,387.409934012976,mmbind_weighted_contrastive,1.0,"[""client_016"", ""client_001"", ""client_036"", ""client_019"", ""client_027"", ""client_022"", ""client_008"", ""client_035""]","[0, 1, 2, 3]","[0, 1, 2, 3]",2,"{""0"": 2, ""1"": 2, ""2"": 2, ""3"": 2}",effective
36,36,3.969269275665283,3.969269275665283,3.969269275665283,2.3285441398620605,2.3285441398620605,4.202380657196045,4.202380657196045,2.440974473953247,2.440974473953247,2.3285441398620605,0.42023807764053345,1.2204872369766235,0.546875,0.546875,0.43098568098568096,0.43098568098568096,0.5034973706848707,8,64,1.0,64,64.0,"[0, 1, 2, 3, 4, 5, 6, 7, 8, 9, 10, 11]","[[0, 1, 2, 3, 4, 5, 6, 7, 8, 9, 10, 11]]",1.0,0,0,0,1.0,1,1,1,0,1.0,1.0,1.0,0.9969230769230769,0.6449084510095417,1.2077844738960266,385.581960981217,mmbind_weighted_contrastive,1.0,"[""client_034"", ""client_033"", ""client_007"", ""client_006"", ""client_010"", ""client_020"", ""client_022"", ""client_018""]","[0, 1, 2, 3]","[0, 1, 2, 3]",2,"{""0"": 2, ""1"": 2, ""2"": 2, ""3"": 2}",effective
37,37,3.998828411102295,3.998828411102295,3.998828411102295,2.345881462097168,2.345881462097168,4.238149166107178,4.238149166107178,2.458263874053955,2.458263874053955,2.345881462097168,0.42381492257118225,1.2291319370269775,0.296875,0.296875,0.2210620763252342,0.2210620763252342,0.26788845292134766,8,64,1.0,64,64.0,"[0, 1, 2, 3, 4, 5, 6, 7, 8, 9, 10, 11]","[[0, 1, 2, 3, 4, 5, 6, 7, 8, 9, 10, 11]]",1.0,0,0,0,1.0,1,1,1,0,1.0,1.0,1.0,0.9956363636363637,0.6664339583367109,1.2786790132522583,375.56263397983275,mmbind_weighted_contrastive,1.0,"[""client_021"", ""client_031"", ""client_038"", ""client_016"", ""client_013"", ""client_005"", ""client_026"", ""client_003""]","[0, 1, 2, 3]","[0, 1, 2, 3]",2,"{""0"": 2, ""1"": 2, ""2"": 2, ""3"": 2}",effective
38,38,3.993618965148926,3.993618965148926,3.993618965148926,2.3502161502838135,2.3502161502838135,4.161209583282471,4.161209583282471,2.454563617706299,2.454563617706299,2.3502161502838135,0.4161209762096405,1.2272818088531494,0.359375,0.359375,0.29172962114138584,0.29172962114138584,0.289294733044733,8,64,1.0,64,64.0,"[0, 1, 2, 3, 4, 5, 6, 7, 8, 9, 10, 11]","[[0, 1, 2, 3, 4, 5, 6, 7, 8, 9, 10, 11]]",1.0,0,0,0,1.0,1,1,1,0,1.0,1.0,1.0,0.9958620689655172,0.6785128768533468,1.3712173700332642,380.7180114169605,mmbind_weighted_contrastive,1.0,"[""client_023"", ""client_019"", ""client_030"", ""client_009"", ""client_008"", ""client_035"", ""client_027"", ""client_017""]","[0, 1, 2, 3]","[0, 1, 2, 3]",2,"{""0"": 2, ""1"": 2, ""2"": 2, ""3"": 2}",effective
39,39,3.969759941101074,3.969759941101074,3.969759941101074,2.323941230773926,2.323941230773926,4.2564520835876465,4.2564520835876465,2.440347194671631,2.440347194671631,2.323941230773926,0.42564520239830017,1.2201735973358154,0.328125,0.328125,0.2510026737967915,0.2510026737967915,0.3021139705882353,8,64,1.0,64,64.0,"[0, 1, 2, 3, 4, 5, 6, 7, 8, 9, 10, 11]","[[0, 1, 2, 3, 4, 5, 6, 7, 8, 9, 10, 11]]",1.0,0,0,0,1.0,1,1,1,0,1.0,1.0,1.0,0.9973770491803279,0.7098526060581207,1.4792838990688324,375.53872929426143,mmbind_weighted_contrastive,1.0,"[""client_037"", ""client_024"", ""client_014"", ""client_036"", ""client_029"", ""client_011"", ""client_004"", ""client_001""]","[0, 1, 2, 3]","[0, 1, 2, 3]",2,"{""0"": 2, ""1"": 2, ""2"": 2, ""3"": 2}",effective
40,40,3.939321994781494,3.939321994781494,3.939321994781494,2.2950541973114014,2.2950541973114014,4.250349521636963,4.250349521636963,2.4384655952453613,2.4384655952453613,2.2950541973114014,0.4250349700450897,1.2192327976226807,0.375,0.375,0.3953962703962704,0.3953962703962704,0.3192107371794871,8,64,1.0,64,64.0,"[0, 1, 2, 3, 4, 5, 6, 7, 8, 9, 10, 11]","[[0, 1, 2, 3, 4, 5, 6, 7, 8, 9, 10, 11]]",1.0,0,0,0,1.0,1,1,1,0,1.0,1.0,1.0,1.0,0.7254168358631432,1.597905695438385,375.4197979902965,mmbind_weighted_contrastive,1.0,"[""client_000"", ""client_012"", ""client_039"", ""client_025"", ""client_032"", ""client_028"", ""client_015"", ""client_002""]","[0, 1, 2, 3]","[0, 1, 2, 3]",2,"{""0"": 2, ""1"": 2, ""2"": 2, ""3"": 2}",effective
41,41,3.924889087677002,3.924889087677002,3.924889087677002,2.2888717651367188,2.2888717651367188,4.138283729553223,4.138283729553223,2.444377899169922,2.444377899169922,2.2888717651367188,0.41382837295532227,1.222188949584961,0.484375,0.484375,0.4788364212277256,0.4788364212277256,0.43730026012634715,8,64,1.0,64,64.0,"[0, 1, 2, 3, 4, 5, 6, 7, 8, 9, 10, 11]","[[0, 1, 2, 3, 4, 5, 6, 7, 8, 9, 10, 11]]",1.0,0,0,0,1.0,1,1,1,0,1.0,1.0,1.0,0.997626112759644,0.6618041950277984,1.7274255454540253,370.1117507563904,mmbind_weighted_contrastive,1.0,"[""client_027"", ""client_009"", ""client_036"", ""client_012"", ""client_017"", ""client_006"", ""client_023"", ""client_035""]","[0, 1, 2, 3]","[0, 1, 2, 3]",2,"{""0"": 2, ""1"": 2, ""2"": 2, ""3"": 2}",effective
42,42,3.906351089477539,3.906351089477539,3.906351089477539,2.263789176940918,2.263789176940918,4.240625858306885,4.240625858306885,2.4369988441467285,2.4369988441467285,2.263789176940918,0.424062579870224,1.2184994220733643,0.4375,0.4375,0.36196992971186515,0.36196992971186515,0.3992639528929851,8,64,1.0,64,64.0,"[0, 1, 2, 3, 4, 5, 6, 7, 8, 9, 10, 11]","[[0, 1, 2, 3, 4, 5, 6, 7, 8, 9, 10, 11]]",1.0,0,0,0,1.0,1,1,1,0,1.0,1.0,1.0,0.9966101694915255,0.647803361993283,1.84759321808815,368.77963004042977,mmbind_weighted_contrastive,1.0,"[""client_037"", ""client_028"", ""client_014"", ""client_019"", ""client_033"", ""client_007"", ""client_000"", ""client_024""]","[0, 1, 2, 3]","[0, 1, 2, 3]",2,"{""0"": 2, ""1"": 2, ""2"": 2, ""3"": 2}",effective
43,43,3.856100559234619,3.856100559234619,3.856100559234619,2.2258920669555664,2.2258920669555664,4.171717643737793,4.171717643737793,2.4260735511779785,2.4260735511779785,2.2258920669555664,0.41717177629470825,1.2130367755889893,0.53125,0.53125,0.44450862243236117,0.44450862243236117,0.4860388106671675,8,64,1.0,64,64.0,"[0, 1, 2, 3, 4, 5, 6, 7, 8, 9, 10, 11]","[[0, 1, 2, 3, 4, 5, 6, 7, 8, 9, 10, 11]]",1.0,0,0,0,1.0,1,1,1,0,1.0,1.0,1.0,0.9967654986522911,0.6449981899932027,2.0535484552383423,365.13825118666864,mmbind_weighted_contrastive,1.0,"[""client_026"", ""client_020"", ""client_031"", ""client_030"", ""client_010"", ""client_005"", ""client_002"", ""client_016""]","[0, 1, 2, 3]","[0, 1, 2, 3]",2,"{""0"": 2, ""1"": 2, ""2"": 2, ""3"": 2}",effective
44,44,3.8886795043945312,3.8886795043945312,3.8886795043945312,2.2612030506134033,2.2612030506134033,4.093515872955322,4.093515872955322,2.4362499713897705,2.4362499713897705,2.2612030506134033,0.4093515872955322,1.2181249856948853,0.3125,0.3125,0.24856321839080456,0.24856321839080456,0.2385904146141215,8,64,1.0,64,64.0,"[0, 1, 2, 3, 4, 5, 6, 7, 8, 9, 10, 11]","[[0, 1, 2, 3, 4, 5, 6, 7, 8, 9, 10, 11]]",1.0,0,0,0,1.0,1,1,1,0,1.0,1.0,1.0,0.9979381443298969,0.6424784478731453,2.175980031490326,369.6039452787081,mmbind_weighted_contrastive,1.0,"[""client_021"", ""client_013"", ""client_001"", ""client_025"", ""client_018"", ""client_034"", ""client_003"", ""client_039""]","[0, 1, 2, 3]","[0, 1, 2, 3]",2,"{""0"": 2, ""1"": 2, ""2"": 2, ""3"": 2}",effective
45,45,3.8557090759277344,3.8557090759277344,3.8557090759277344,2.224747896194458,2.224747896194458,4.188089370727539,4.188089370727539,2.424304723739624,2.424304723739624,2.224747896194458,0.4188089370727539,1.212152361869812,0.578125,0.578125,0.48619939428762954,0.48619939428762954,0.5240566979997127,8,64,1.0,64,64.0,"[0, 1, 2, 3, 4, 5, 6, 7, 8, 9, 10, 11]","[[0, 1, 2, 3, 4, 5, 6, 7, 8, 9, 10, 11]]",1.0,0,0,0,1.0,1,1,1,0,1.0,1.0,1.0,1.0,0.7077226052060723,2.3108776807785034,363.60025898143067,mmbind_weighted_contrastive,1.0,"[""client_011"", ""client_008"", ""client_029"", ""client_032"", ""client_022"", ""client_038"", ""client_015"", ""client_004""]","[0, 1, 2, 3]","[0, 1, 2, 3]",2,"{""0"": 2, ""1"": 2, ""2"": 2, ""3"": 2}",effective
46,46,3.8136706352233887,3.8136706352233887,3.8136706352233887,2.1883411407470703,2.1883411407470703,4.139856338500977,4.139856338500977,2.422687292098999,2.422687292098999,2.1883411407470703,0.41398563981056213,1.2113436460494995,0.4375,0.4375,0.41101471627787417,0.41101471627787417,0.375772212984384,8,64,1.0,64,64.0,"[0, 1, 2, 3, 4, 5, 6, 7, 8, 9, 10, 11]","[[0, 1, 2, 3, 4, 5, 6, 7, 8, 9, 10, 11]]",1.0,0,0,0,1.0,1,1,1,0,1.0,1.0,1.0,0.9981132075471698,0.6530504766851664,2.453253209590912,355.53826673404546,mmbind_weighted_contrastive,1.0,"[""client_031"", ""client_015"", ""client_021"", ""client_023"", ""client_002"", ""client_004"", ""client_037"", ""client_018""]","[0, 1, 2, 3]","[0, 1, 2, 3]",2,"{""0"": 2, ""1"": 2, ""2"": 2, ""3"": 2}",effective
47,47,3.7827157974243164,3.7827157974243164,3.7827157974243164,2.164677619934082,2.164677619934082,4.1609907150268555,4.1609907150268555,2.4038779735565186,2.4038779735565186,2.164677619934082,0.41609907150268555,1.2019389867782593,0.609375,0.609375,0.44592738530819026,0.44592738530819026,0.537746739844263,8,64,1.0,64,64.0,"[0, 1, 2, 3, 4, 5, 6, 7, 8, 9, 10, 11]","[[0, 1, 2, 3, 4, 5, 6, 7, 8, 9, 10, 11]]",1.0,0,0,0,1.0,1,1,1,0,1.0,1.0,1.0,0.9972911963882618,0.6395835368894041,2.637453258037567,355.85017114933,mmbind_weighted_contrastive,1.0,"[""client_033"", ""client_019"", ""client_008"", ""client_001"", ""client_029"", ""client_025"", ""client_039"", ""client_016""]","[0, 1, 2, 3]","[0, 1, 2, 3]",2,"{""0"": 2, ""1"": 2, ""2"": 2, ""3"": 2}",effective
48,48,3.74169921875,3.74169921875,3.74169921875,2.129526138305664,2.129526138305664,4.076221942901611,4.076221942901611,2.409101963043213,2.409101963043213,2.129526138305664,0.40762218832969666,1.2045509815216064,0.515625,0.515625,0.430273937532002,0.430273937532002,0.436959965437788,8,64,1.0,64,64.0,"[0, 1, 2, 3, 4, 5, 6, 7, 8, 9, 10, 11]","[[0, 1, 2, 3, 4, 5, 6, 7, 8, 9, 10, 11]]",1.0,0,0,0,1.0,1,1,1,0,1.0,1.0,1.0,0.9974025974025974,0.6594526027329266,2.854168951511383,357.05798615163076,mmbind_weighted_contrastive,1.0,"[""client_012"", ""client_035"", ""client_032"", ""client_000"", ""client_022"", ""client_024"", ""client_009"", ""client_010""]","[0, 1, 2, 3]","[0, 1, 2, 3]",2,"{""0"": 2, ""1"": 2, ""2"": 2, ""3"": 2}",effective
49,49,3.7684061527252197,3.7684061527252197,3.7684061527252197,2.1511268615722656,2.1511268615722656,4.140655994415283,4.140655994415283,2.4064273834228516,2.4064273834228516,2.1511268615722656,0.4140655994415283,1.2032136917114258,0.53125,0.53125,0.4707773707773708,0.4707773707773708,0.5145795177045177,8,64,1.0,64,64.0,"[0, 1, 2, 3, 4, 5, 6, 7, 8, 9, 10, 11]","[[0, 1, 2, 3, 4, 5, 6, 7, 8, 9, 10, 11]]",1.0,0,0,0,1.0,1,1,1,0,1.0,1.0,1.0,0.9983367983367983,0.684495119843632,2.993498831987381,356.95763667175197,mmbind_weighted_contrastive,1.0,"[""client_034"", ""client_020"", ""client_017"", ""client_026"", ""client_014"", ""client_007"", ""client_003"", ""client_030""]","[0, 1, 2, 3]","[0, 1, 2, 3]",2,"{""0"": 2, ""1"": 2, ""2"": 2, ""3"": 2}",effective
50,50,3.6924970149993896,3.6924970149993896,3.6924970149993896,2.086519479751587,2.086519479751587,4.062404155731201,4.062404155731201,2.3994741439819336,2.3994741439819336,2.086519479751587,0.40624043345451355,1.1997370719909668,0.453125,0.453125,0.29753186384765334,0.29753186384765334,0.3745048920377868,8,64,1.0,64,64.0,"[0, 1, 2, 3, 4, 5, 6, 7, 8, 9, 10, 11]","[[0, 1, 2, 3, 4, 5, 6, 7, 8, 9, 10, 11]]",1.0,0,0,0,1.0,1,1,1,0,1.0,1.0,1.0,1.0,0.6426345268264413,3.196486473083496,350.1892894062621,mmbind_weighted_contrastive,1.0,"[""client_028"", ""client_011"", ""client_013"", ""client_038"", ""client_005"", ""client_006"", ""client_036"", ""client_027""]","[0, 1, 2, 3]","[0, 1, 2, 3]",2,"{""0"": 2, ""1"": 2, ""2"": 2, ""3"": 2}",effective
51,51,3.6733152866363525,3.6733152866363525,3.6733152866363525,2.0687835216522217,2.0687835216522217,4.140431880950928,4.140431880950928,2.380977153778076,2.380977153778076,2.0687835216522217,0.4140431880950928,1.190488576889038,0.546875,0.546875,0.4283772599949071,0.4283772599949071,0.4849157276546982,8,64,1.0,64,64.0,"[0, 1, 2, 3, 4, 5, 6, 7, 8, 9, 10, 11]","[[0, 1, 2, 3, 4, 5, 6, 7, 8, 9, 10, 11]]",1.0,0,0,0,1.0,1,1,1,0,1.0,1.0,1.0,0.9984644913627639,0.6350679928436875,3.362510472536087,344.5920656192757,mmbind_weighted_contrastive,1.0,"[""client_018"", ""client_003"", ""client_020"", ""client_035"", ""client_034"", ""client_017"", ""client_001"", ""client_027""]","[0, 1, 2, 3]","[0, 1, 2, 3]",2,"{""0"": 2, ""1"": 2, ""2"": 2, ""3"": 2}",effective
52,52,3.6127254962921143,3.6127254962921143,3.6127254962921143,2.019787311553955,2.019787311553955,4.05281400680542,4.05281400680542,2.3753137588500977,2.3753137588500977,2.019787311553955,0.4052813947200775,1.1876568794250488,0.5,0.5,0.5123003433348261,0.5123003433348261,0.4924158456486043,8,64,1.0,64,64.0,"[0, 1, 2, 3, 4, 5, 6, 7, 8, 9, 10]","[[0, 1, 2, 3, 4, 5, 6, 7, 8, 9, 10]]",1.0,0,0,0,1.0,1,1,1,0,1.0,1.0,1.0,0.9977859778597786,0.6380774918943644,3.5870813727378845,343.789157177147,mmbind_weighted_contrastive,1.0,"[""client_008"", ""client_006"", ""client_015"", ""client_032"", ""client_021"", ""client_013"", ""client_039"", ""client_022""]","[0, 1, 2, 3]","[0, 1, 2, 3]",2,"{""0"": 2, ""1"": 2, ""2"": 2, ""3"": 2}",effective
53,53,3.6205146312713623,3.6205146312713623,3.6205146312713623,2.0178425312042236,2.0178425312042236,4.121907711029053,4.121907711029053,2.38096284866333,2.38096284866333,2.0178425312042236,0.4121907651424408,1.190481424331665,0.453125,0.453125,0.40714958577861804,0.40714958577861804,0.40004797230099653,8,64,1.0,64,64.0,"[0, 1, 2, 3, 4, 5, 6, 7, 8, 9, 10, 11]","[[0, 1, 2, 3, 4, 5, 6, 7, 8, 9, 10, 11]]",1.0,0,0,0,1.0,1,1,1,0,1.0,1.0,1.0,0.9978685612788633,0.6518868557177484,3.7231890857219696,337.11203913917416,mmbind_weighted_contrastive,1.0,"[""client_036"", ""client_009"", ""client_038"", ""client_019"", ""client_029"", ""client_023"", ""client_004"", ""client_014""]","[0, 1, 2, 3]","[0, 1, 2, 3]",2,"{""0"": 2, ""1"": 2, ""2"": 2, ""3"": 2}",effective
54,54,3.5107526779174805,3.5107526779174805,3.5107526779174805,1.92872154712677,1.92872154712677,4.047548770904541,4.047548770904541,2.3545520305633545,2.3545520305633545,1.92872154712677,0.4047548770904541,1.1772760152816772,0.515625,0.515625,0.3924553118333023,0.3924553118333023,0.4593100293347004,8,64,1.0,64,64.0,"[0, 1, 2, 3, 4, 5, 6, 7, 8, 9, 10, 11]","[[0, 1, 2, 3, 4, 5, 6, 7, 8, 9, 10, 11]]",1.0,0,0,0,1.0,1,1,1,0,1.0,1.0,1.0,0.9986301369863013,0.6353830387815833,3.9643765687942505,343.05932342400774,mmbind_weighted_contrastive,1.0,"[""client_011"", ""client_002"", ""client_030"", ""client_024"", ""client_012"", ""client_007"", ""client_037"", ""client_025""]","[0, 1, 2, 3]","[0, 1, 2, 3]",2,"{""0"": 2, ""1"": 2, ""2"": 2, ""3"": 2}",effective
55,55,3.602447986602783,3.602447986602783,3.602447986602783,2.009692907333374,2.009692907333374,4.074656009674072,4.074656009674072,2.3705787658691406,2.3705787658691406,2.009692907333374,0.4074656069278717,1.1852893829345703,0.421875,0.421875,0.3888450873744991,0.3888450873744991,0.3940164512774807,8,64,1.0,64,64.0,"[0, 1, 2, 3, 4, 5, 6, 7, 8, 9, 10, 11]","[[0, 1, 2, 3, 4, 5, 6, 7, 8, 9, 10, 11]]",1.0,0,0,0,1.0,1,1,1,0,1.0,1.0,1.0,1.0,0.6382228760048747,4.013690412044525,331.47721436354914,mmbind_weighted_contrastive,1.0,"[""client_031"", ""client_028"", ""client_000"", ""client_005"", ""client_010"", ""client_016"", ""client_033"", ""client_026""]","[0, 1, 2, 3]","[0, 1, 2, 3]",2,"{""0"": 2, ""1"": 2, ""2"": 2, ""3"": 2}",effective
56,56,3.4994418621063232,3.4994418621063232,3.4994418621063232,1.9224056005477905,1.9224056005477905,4.106428146362305,4.106428146362305,2.332787036895752,2.332787036895752,1.9224056005477905,0.4106428325176239,1.166393518447876,0.59375,0.59375,0.4748652677445247,0.4748652677445247,0.5670880632954937,8,64,1.0,64,64.0,"[0, 1, 2, 3, 4, 5, 6, 7, 8, 9, 10, 11]","[[0, 1, 2, 3, 4, 5, 6, 7, 8, 9, 10, 11]]",1.0,0,0,0,1.0,1,1,1,0,1.0,1.0,1.0,0.9987261146496815,0.641286944039166,4.182968199253082,326.0527872084931,mmbind_weighted_contrastive,1.0,"[""client_031"", ""client_000"", ""client_016"", ""client_037"", ""client_020"", ""client_021"", ""client_002"", ""client_018""]","[0, 1, 2, 3]","[0, 1, 2, 3]",2,"{""0"": 2, ""1"": 2, ""2"": 2, ""3"": 2}",effective
57,57,3.4551000595092773,3.4551000595092773,3.4551000595092773,1.8838924169540405,1.8838924169540405,3.9871294498443604,3.9871294498443604,2.344989061355591,2.344989061355591,1.8838924169540405,0.39871296286582947,1.1724945306777954,0.546875,0.546875,0.41267743789673617,0.41267743789673617,0.5682290495201678,8,64,1.0,64,64.0,"[0, 1, 2, 3, 4, 5, 6, 7, 8, 9, 10, 11]","[[0, 1, 2, 3, 4, 5, 6, 7, 8, 9, 10, 11]]",1.0,0,0,0,1.0,1,1,1,0,1.0,1.0,1.0,0.9981566820276497,0.6508840178139508,4.321975022554398,328.71675762490486,mmbind_weighted_contrastive,1.0,"[""client_013"", ""client_022"", ""client_019"", ""client_030"", ""client_004"", ""client_034"", ""client_029"", ""client_006""]","[0, 1, 2, 3]","[0, 1, 2, 3]",2,"{""0"": 2, ""1"": 2, ""2"": 2, ""3"": 2}",effective
58,58,3.3326377868652344,3.3326377868652344,3.3326377868652344,1.769460916519165,1.769460916519165,4.081297874450684,4.081297874450684,2.3100943565368652,2.3100943565368652,1.769460916519165,0.4081297814846039,1.1550471782684326,0.546875,0.546875,0.46695278352887043,0.46695278352887043,0.5038396631297447,8,64,1.0,64,64.0,"[0, 1, 2, 3, 4, 5, 6, 7, 8, 9, 10, 11]","[[0, 1, 2, 3, 4, 5, 6, 7, 8, 9, 10, 11]]",1.0,0,0,0,1.0,1,1,1,0,1.0,1.0,1.0,0.9982195845697329,0.6417340161278844,4.601451128721237,330.96573601762066,mmbind_weighted_contrastive,1.0,"[""client_008"", ""client_017"", ""client_014"", ""client_027"", ""client_033"", ""client_032"", ""client_024"", ""client_003""]","[0, 1, 2, 3]","[0, 1, 2, 3]",2,"{""0"": 2, ""1"": 2, ""2"": 2, ""3"": 2}",effective
59,59,3.349943161010742,3.349943161010742,3.349943161010742,1.7966464757919312,1.7966464757919312,4.057094097137451,4.057094097137451,2.2951748371124268,2.2951748371124268,1.7966464757919312,0.4057094156742096,1.1475874185562134,0.484375,0.484375,0.3663461538461538,0.3663461538461538,0.42550080128205126,8,64,1.0,64,64.0,"[0, 1, 2, 3, 4, 5, 6, 7, 8, 9, 10, 11]","[[0, 1, 2, 3, 4, 5, 6, 7, 8, 9, 10, 11]]",1.0,0,0,0,1.0,1,1,1,0,1.0,1.0,1.0,0.9988522238163559,0.6351363100111485,4.779802620410919,324.4838414314145,mmbind_weighted_contrastive,1.0,"[""client_023"", ""client_028"", ""client_001"", ""client_015"", ""client_038"", ""client_036"", ""client_007"", ""client_011""]","[0, 1, 2, 3]","[0, 1, 2, 3]",2,"{""0"": 2, ""1"": 2, ""2"": 2, ""3"": 2}",effective
60,60,3.131674289703369,3.131674289703369,3.131674289703369,1.606940507888794,1.606940507888794,3.915792226791382,3.915792226791382,2.2663092613220215,2.2663092613220215,1.606940507888794,0.3915792405605316,1.1331546306610107,0.53125,0.53125,0.4660633109268066,0.4660633109268066,0.477314861351239,8,64,1.0,64,64.0,"[0, 1, 2, 3, 4, 5, 6, 7, 8, 9, 10, 11]","[[0, 1, 2, 3, 4, 5, 6, 7, 8, 9, 10, 11]]",1.0,0,0,0,1.0,1,1,1,0,1.0,1.0,1.0,1.0,0.6338409353047609,5.037960559129715,318.361423060589,mmbind_weighted_contrastive,1.0,"[""client_025"", ""client_012"", ""client_005"", ""client_009"", ""client_039"", ""client_026"", ""client_035"", ""client_010""]","[0, 1, 2, 3]","[0, 1, 2, 3]",2,"{""0"": 2, ""1"": 2, ""2"": 2, ""3"": 2}",effective
61,61,3.3156726360321045,3.3156726360321045,3.3156726360321045,1.7581144571304321,1.7581144571304321,4.075953006744385,4.075953006744385,2.2999258041381836,2.2999258041381836,1.7581144571304321,0.40759530663490295,1.1499629020690918,0.46875,0.46875,0.44649138393677607,0.44649138393677607,0.4521875697719519,8,64,1.0,64,64.0,"[0, 1, 2, 3, 4, 5, 6, 7, 8, 9, 10]","[[0, 1, 2, 3, 4, 5, 6, 7, 8, 9, 10]]",1.0,0,0,0,1.0,1,1,1,0,1.0,1.0,1.0,0.9989261744966443,0.6514675091020763,5.060453921556473,302.97339647545596,mmbind_weighted_contrastive,1.0,"[""client_002"", ""client_014"", ""client_028"", ""client_024"", ""client_004"", ""client_031"", ""client_019"", ""client_036""]","[0, 1, 2, 3]","[0, 1, 2, 3]",2,"{""0"": 2, ""1"": 2, ""2"": 2, ""3"": 2}",effective
62,62,3.195425271987915,3.195425271987915,3.195425271987915,1.6798804998397827,1.6798804998397827,3.9034862518310547,3.9034862518310547,2.250392436981201,2.250392436981201,1.6798804998397827,0.3903486430644989,1.1251962184906006,0.421875,0.421875,0.3831529581529581,0.3831529581529581,0.3812702922077922,8,64,1.0,64,64.0,"[0, 1, 2, 3, 4, 5, 6, 7, 8, 9, 10, 11]","[[0, 1, 2, 3, 4, 5, 6, 7, 8, 9, 10, 11]]",1.0,0,0,0,1.0,1,1,1,0,1.0,1.0,1.0,0.9984415584415585,0.655323940794915,5.1122700572013855,318.079450129444,mmbind_weighted_contrastive,1.0,"[""client_027"", ""client_008"", ""client_035"", ""client_017"", ""client_033"", ""client_003"", ""client_023"", ""client_010""]","[0, 1, 2, 3]","[0, 1, 2, 3]",2,"{""0"": 2, ""1"": 2, ""2"": 2, ""3"": 2}",effective
63,63,3.0176663398742676,3.0176663398742676,3.0176663398742676,1.5046182870864868,1.5046182870864868,3.9926679134368896,3.9926679134368896,2.227562427520752,2.227562427520752,1.5046182870864868,0.3992668092250824,1.113781213760376,0.6875,0.6875,0.5538712921065864,0.5538712921065864,0.6641826923076923,8,64,1.0,64,64.0,"[0, 1, 2, 3, 4, 5, 6, 7, 8, 9, 10, 11]","[[0, 1, 2, 3, 4, 5, 6, 7, 8, 9, 10, 11]]",1.0,0,0,0,1.0,1,1,1,0,1.0,1.0,1.0,0.9984905660377359,0.6485813059844077,5.354141980409622,312.4925584530283,mmbind_weighted_contrastive,1.0,"[""client_020"", ""client_011"", ""client_006"", ""client_032"", ""client_038"", ""client_018"", ""client_000"", ""client_029""]","[0, 1, 2, 3]","[0, 1, 2, 3]",2,"{""0"": 2, ""1"": 2, ""2"": 2, ""3"": 2}",effective
64,64,3.220695734024048,3.220695734024048,3.220695734024048,1.6939464807510376,1.6939464807510376,3.957031488418579,3.957031488418579,2.262092113494873,2.262092113494873,1.6939464807510376,0.39570316672325134,1.1310460567474365,0.59375,0.59375,0.5490100585688821,0.5490100585688821,0.571281353450471,8,64,1.0,64,64.0,"[0, 1, 2, 3, 4, 5, 6, 7, 8, 9, 10, 11]","[[0, 1, 2, 3, 4, 5, 6, 7, 8, 9, 10, 11]]",1.0,0,0,0,1.0,1,1,1,0,1.0,1.0,1.0,0.9990243902439024,0.6403773380443454,5.321706056594849,313.9212478902191,mmbind_weighted_contrastive,1.0,"[""client_016"", ""client_025"", ""client_030"", ""client_039"", ""client_007"", ""client_021"", ""client_009"", ""client_012""]","[0, 1, 2, 3]","[0, 1, 2, 3]",2,"{""0"": 2, ""1"": 2, ""2"": 2, ""3"": 2}",effective
65,65,2.9817960262298584,2.9817960262298584,2.9817960262298584,1.4779270887374878,1.4779270887374878,3.9993817806243896,3.9993817806243896,2.2078614234924316,2.2078614234924316,1.4779270887374878,0.3999381959438324,1.1039307117462158,0.71875,0.71875,0.6420557111733581,0.6420557111733581,0.6841153127917834,8,64,1.0,64,64.0,"[0, 1, 2, 3, 4, 5, 6, 7, 8, 9, 10, 11]","[[0, 1, 2, 3, 4, 5, 6, 7, 8, 9, 10, 11]]",1.0,0,0,0,1.0,1,1,1,0,1.0,1.0,1.0,1.0,0.6585373701527715,5.5369415283203125,306.2112507833226,mmbind_weighted_contrastive,1.0,"[""client_037"", ""client_022"", ""client_013"", ""client_005"", ""client_034"", ""client_015"", ""client_001"", ""client_026""]","[0, 1, 2, 3]","[0, 1, 2, 3]",2,"{""0"": 2, ""1"": 2, ""2"": 2, ""3"": 2}",effective
66,66,3.1074585914611816,3.1074585914611816,3.1074585914611816,1.580751657485962,1.580751657485962,4.086952209472656,4.086952209472656,2.2360236644744873,2.2360236644744873,1.580751657485962,0.4086952209472656,1.1180118322372437,0.703125,0.703125,0.5984219484219484,0.5984219484219484,0.700893204018204,8,64,1.0,64,64.0,"[0, 1, 2, 3, 4, 5, 6, 7, 8, 9, 10, 11]","[[0, 1, 2, 3, 4, 5, 6, 7, 8, 9, 10, 11]]",1.0,0,0,0,1.0,1,1,1,0,1.0,1.0,1.0,0.9990825688073395,0.6421503727324307,5.651965528726578,299.9764489196532,mmbind_weighted_contrastive,1.0,"[""client_007"", ""client_038"", ""client_013"", ""client_037"", ""client_020"", ""client_011"", ""client_000"", ""client_021""]","[0, 1, 2, 3]","[0, 1, 2, 3]",2,"{""0"": 2, ""1"": 2, ""2"": 2, ""3"": 2}",effective
67,67,2.99879789352417,2.99879789352417,2.99879789352417,1.5090396404266357,1.5090396404266357,3.9691593647003174,3.9691593647003174,2.1856844425201416,2.1856844425201416,1.5090396404266357,0.3969159424304962,1.0928422212600708,0.515625,0.515625,0.4594858844858845,0.4594858844858845,0.4913255147630147,8,64,1.0,64,64.0,"[0, 1, 2, 3, 4, 5, 6, 7, 8, 9, 10, 11]","[[0, 1, 2, 3, 4, 5, 6, 7, 8, 9, 10, 11]]",1.0,0,0,0,1.0,1,1,1,0,1.0,1.0,1.0,0.9986651835372636,0.6428541638888419,5.719957023859024,300.5031102974317,mmbind_weighted_contrastive,1.0,"[""client_003"", ""client_002"", ""client_036"", ""client_018"", ""client_025"", ""client_023"", ""client_030"", ""client_019""]","[0, 1, 2, 3]","[0, 1, 2, 3]",2,"{""0"": 2, ""1"": 2, ""2"": 2, ""3"": 2}",effective
68,68,2.823552370071411,2.823552370071411,2.823552370071411,1.3562403917312622,1.3562403917312622,3.9158122539520264,3.9158122539520264,2.151461601257324,2.151461601257324,1.3562403917312622,0.3915812373161316,1.075730800628662,0.640625,0.640625,0.5906857533018525,0.5906857533018525,0.6192169371735935,8,64,1.0,64,64.0,"[0, 1, 2, 3, 4, 5, 6, 7, 8, 9, 10, 11]","[[0, 1, 2, 3, 4, 5, 6, 7, 8, 9, 10, 11]]",1.0,0,0,0,1.0,1,1,1,0,1.0,1.0,1.0,0.9987041036717063,0.6529028648510575,5.857055902481079,296.72842306192615,mmbind_weighted_contrastive,1.0,"[""client_001"", ""client_022"", ""client_034"", ""client_031"", ""client_017"", ""client_029"", ""client_004"", ""client_010""]","[0, 1, 2, 3]","[0, 1, 2, 3]",2,"{""0"": 2, ""1"": 2, ""2"": 2, ""3"": 2}",effective
69,69,3.0257763862609863,3.0257763862609863,3.0257763862609863,1.5258623361587524,1.5258623361587524,3.950819253921509,3.950819253921509,2.2096643447875977,2.2096643447875977,1.5258623361587524,0.39508193731307983,1.1048321723937988,0.65625,0.65625,0.5947150072150073,0.5947150072150073,0.617184117965368,8,64,1.0,64,64.0,"[0, 1, 2, 3, 4, 5, 6, 7, 8, 9, 10, 11]","[[0, 1, 2, 3, 4, 5, 6, 7, 8, 9, 10, 11]]",1.0,0,0,0,1.0,1,1,1,0,1.0,1.0,1.0,0.9991605456453305,0.6518591260537505,5.816485226154327,294.5306236592296,mmbind_weighted_contrastive,1.0,"[""client_032"", ""client_006"", ""client_024"", ""client_028"", ""client_005"", ""client_033"", ""client_016"", ""client_012""]","[0, 1, 2, 3]","[0, 1, 2, 3]",2,"{""0"": 2, ""1"": 2, ""2"": 2, ""3"": 2}",effective
70,70,2.814929962158203,2.814929962158203,2.814929962158203,1.3385131359100342,1.3385131359100342,4.033208847045898,4.033208847045898,2.1461920738220215,2.1461920738220215,1.3385131359100342,0.40332087874412537,1.0730960369110107,0.625,0.625,0.534824849480022,0.534824849480022,0.6003630439244664,8,64,1.0,64,64.0,"[0, 1, 2, 3, 4, 5, 6, 7, 8, 9, 10, 11]","[[0, 1, 2, 3, 4, 5, 6, 7, 8, 9, 10, 11]]",1.0,0,0,0,1.0,1,1,1,0,1.0,1.0,1.0,1.0,0.6672550179064274,5.80067503452301,298.0158324733493,mmbind_weighted_contrastive,1.0,"[""client_035"", ""client_015"", ""client_027"", ""client_026"", ""client_039"", ""client_009"", ""client_008"", ""client_014""]","[0, 1, 2, 3]","[0, 1, 2, 3]",2,"{""0"": 2, ""1"": 2, ""2"": 2, ""3"": 2}",effective
71,71,2.7686190605163574,2.7686190605163574,2.7686190605163574,1.3060269355773926,1.3060269355773926,4.028477191925049,4.028477191925049,2.119488477706909,2.119488477706909,1.3060269355773926,0.4028477370738983,1.0597442388534546,0.71875,0.71875,0.6661421911421911,0.6661421911421911,0.7070975899100899,8,64,1.0,64,64.0,"[0, 1, 2, 3, 4, 5, 6, 7, 8, 9, 10, 11]","[[0, 1, 2, 3, 4, 5, 6, 7, 8, 9, 10, 11]]",1.0,0,0,0,1.0,1,1,1,0,1.0,1.0,1.0,0.999207135777998,0.6441003642976284,5.82231017947197,287.3109431210032,mmbind_weighted_contrastive,1.0,"[""client_014"", ""client_000"", ""client_027"", ""client_007"", ""client_036"", ""client_015"", ""client_028"", ""client_033""]","[0, 1, 2, 3]","[0, 1, 2, 3]",2,"{""0"": 2, ""1"": 2, ""2"": 2, ""3"": 2}",effective
72,72,2.8077611923217773,2.8077611923217773,2.8077611923217773,1.3298208713531494,1.3298208713531494,4.05503511428833,4.05503511428833,2.1448733806610107,2.1448733806610107,1.3298208713531494,0.405503511428833,1.0724366903305054,0.71875,0.71875,0.6683388506917919,0.6683388506917919,0.7084310807656395,8,64,1.0,64,64.0,"[0, 1, 2, 3, 4, 5, 6, 7, 8, 9, 10]","[[0, 1, 2, 3, 4, 5, 6, 7, 8, 9, 10]]",1.0,0,0,0,1.0,1,1,1,0,1.0,1.0,1.0,0.9988439306358381,0.6546034147031605,5.911654740571976,289.9731642093975,mmbind_weighted_contrastive,1.0,"[""client_002"", ""client_032"", ""client_020"", ""client_004"", ""client_018"", ""client_025"", ""client_030"", ""client_016""]","[0, 1, 2, 3]","[0, 1, 2, 3]",2,"{""0"": 2, ""1"": 2, ""2"": 2, ""3"": 2}",effective
73,73,2.6811609268188477,2.6811609268188477,2.6811609268188477,1.2533893585205078,1.2533893585205078,3.889561414718628,3.889561414718628,2.0776307582855225,2.0776307582855225,1.2533893585205078,0.3889561593532562,1.0388153791427612,0.65625,0.65625,0.6237433862433862,0.6237433862433862,0.641654265873016,8,64,1.0,64,64.0,"[0, 1, 2, 3, 4, 5, 6, 7, 8, 9, 10, 11]","[[0, 1, 2, 3, 4, 5, 6, 7, 8, 9, 10, 11]]",1.0,0,0,0,1.0,1,1,1,0,1.0,1.0,1.0,0.998875351452671,0.6579778166487813,5.91254660487175,288.7556339992152,mmbind_weighted_contrastive,1.0,"[""client_021"", ""client_009"", ""client_039"", ""client_023"", ""client_010"", ""client_006"", ""client_012"", ""client_035""]","[0, 1, 2, 3]","[0, 1, 2, 3]",2,"{""0"": 2, ""1"": 2, ""2"": 2, ""3"": 2}",effective
74,74,2.5292844772338867,2.5292844772338867,2.5292844772338867,1.0992070436477661,1.0992070436477661,3.976649284362793,3.976649284362793,2.0648252964019775,2.0648252964019775,1.0992070436477661,0.3976649343967438,1.0324126482009888,0.8125,0.8125,0.7721778221778223,0.7721778221778223,0.795189445970696,8,64,1.0,64,64.0,"[0, 1, 2, 3, 4, 5, 6, 7, 8, 9, 10, 11]","[[0, 1, 2, 3, 4, 5, 6, 7, 8, 9, 10, 11]]",1.0,0,0,0,1.0,1,1,1,0,1.0,1.0,1.0,0.9992700729927008,0.6579793491400778,6.079292804002762,282.73837563040433,mmbind_weighted_contrastive,1.0,"[""client_029"", ""client_034"", ""client_008"", ""client_001"", ""client_026"", ""client_011"", ""client_031"", ""client_013""]","[0, 1, 2, 3]","[0, 1, 2, 3]",2,"{""0"": 2, ""1"": 2, ""2"": 2, ""3"": 2}",effective
75,75,2.5965023040771484,2.5965023040771484,2.5965023040771484,1.151422381401062,1.151422381401062,4.002604007720947,4.002604007720947,2.0896387100219727,2.0896387100219727,1.151422381401062,0.40026041865348816,1.0448193550109863,0.78125,0.78125,0.6570876019405432,0.6570876019405432,0.7510677894409511,8,64,1.0,64,64.0,"[0, 1, 2, 3, 4, 5, 6, 7, 8, 9, 10, 11]","[[0, 1, 2, 3, 4, 5, 6, 7, 8, 9, 10, 11]]",1.0,0,0,0,1.0,1,1,1,0,1.0,1.0,1.0,1.0,0.6461872649379075,6.109427809715271,284.9613593725371,mmbind_weighted_contrastive,1.0,"[""client_019"", ""client_022"", ""client_017"", ""client_005"", ""client_024"", ""client_037"", ""client_038"", ""client_003""]","[0, 1, 2, 3]","[0, 1, 2, 3]",2,"{""0"": 2, ""1"": 2, ""2"": 2, ""3"": 2}",effective
76,76,2.433887481689453,2.433887481689453,2.433887481689453,1.0274927616119385,1.0274927616119385,3.911466360092163,3.911466360092163,2.030496120452881,2.030496120452881,1.0274927616119385,0.39114663004875183,1.0152480602264404,0.75,0.75,0.6984607984607983,0.6984607984607983,0.7312319624819625,8,64,1.0,64,64.0,"[0, 1, 2, 3, 4, 5, 6, 7, 8, 9, 10, 11]","[[0, 1, 2, 3, 4, 5, 6, 7, 8, 9, 10, 11]]",1.0,0,0,0,1.0,1,1,1,0,1.0,1.0,1.0,0.9993079584775086,0.6496824081987143,6.177458614110947,279.9214182989381,mmbind_weighted_contrastive,1.0,"[""client_019"", ""client_032"", ""client_015"", ""client_007"", ""client_004"", ""client_027"", ""client_024"", ""client_037""]","[0, 1, 2, 3]","[0, 1, 2, 3]",2,"{""0"": 2, ""1"": 2, ""2"": 2, ""3"": 2}",effective
77,77,2.523772716522217,2.523772716522217,2.523772716522217,1.0952918529510498,1.0952918529510498,4.054718017578125,4.054718017578125,2.046018123626709,2.046018123626709,1.0952918529510498,0.4054718017578125,1.0230090618133545,0.71875,0.71875,0.6190536437246964,0.6190536437246964,0.6971138031376517,8,64,1.0,64,64.0,"[0, 1, 2, 3, 4, 5, 6, 7, 8, 9, 10, 11]","[[0, 1, 2, 3, 4, 5, 6, 7, 8, 9, 10, 11]]",1.0,0,0,0,1.0,1,1,1,0,1.0,1.0,1.0,0.998989048020219,0.6482682656496763,6.047504216432571,279.1836823512567,mmbind_weighted_contrastive,1.0,"[""client_014"", ""client_033"", ""client_018"", ""client_002"", ""client_029"", ""client_039"", ""client_021"", ""client_000""]","[0, 1, 2, 3]","[0, 1, 2, 3]",2,"{""0"": 2, ""1"": 2, ""2"": 2, ""3"": 2}",effective
78,78,2.383358955383301,2.383358955383301,2.383358955383301,0.9762027859687805,0.9762027859687805,3.956631898880005,3.956631898880005,2.0229861736297607,2.0229861736297607,0.9762027859687805,0.39566320180892944,1.0114930868148804,0.765625,0.765625,0.6886097820308347,0.6886097820308347,0.7617399322169057,8,64,1.0,64,64.0,"[0, 1, 2, 3, 4, 5, 6, 7, 8, 9, 10, 11]","[[0, 1, 2, 3, 4, 5, 6, 7, 8, 9, 10, 11]]",1.0,0,0,0,1.0,1,1,1,0,1.0,1.0,1.0,0.9990147783251232,0.6638480983674526,6.121527135372162,276.16557865578216,mmbind_weighted_contrastive,1.0,"[""client_009"", ""client_023"", ""client_010"", ""client_003"", ""client_035"", ""client_012"", ""client_025"", ""client_038""]","[0, 1, 2, 3]","[0, 1, 2, 3]",2,"{""0"": 2, ""1"": 2, ""2"": 2, ""3"": 2}",effective
79,79,2.5380325317382812,2.5380325317382812,2.5380325317382812,1.1024911403656006,1.1024911403656006,3.9801852703094482,3.9801852703094482,2.075045347213745,2.075045347213745,1.1024911403656006,0.3980185389518738,1.0375226736068726,0.796875,0.796875,0.7134919296103508,0.7134919296103508,0.7862082088233404,8,64,1.0,64,64.0,"[0, 1, 2, 3, 4, 5, 6, 7, 8, 9, 10, 11]","[[0, 1, 2, 3, 4, 5, 6, 7, 8, 9, 10, 11]]",1.0,0,0,0,1.0,1,1,1,0,1.0,1.0,1.0,0.9993594875900721,0.6356224678456783,6.101253151893616,263.77152424893575,mmbind_weighted_contrastive,1.0,"[""client_020"", ""client_005"", ""client_013"", ""client_008"", ""client_036"", ""client_031"", ""client_011"", ""client_028""]","[0, 1, 2, 3]","[0, 1, 2, 3]",2,"{""0"": 2, ""1"": 2, ""2"": 2, ""3"": 2}",effective
80,80,2.4584412574768066,2.4584412574768066,2.4584412574768066,1.059500813484192,1.059500813484192,3.903637170791626,3.903637170791626,2.017153739929199,2.017153739929199,1.059500813484192,0.3903637230396271,1.0085768699645996,0.75,0.75,0.6798685476317056,0.6798685476317056,0.7250418897622845,8,64,1.0,64,64.0,"[0, 1, 2, 3, 4, 5, 6, 7, 8, 9, 10, 11]","[[0, 1, 2, 3, 4, 5, 6, 7, 8, 9, 10, 11]]",1.0,0,0,0,1.0,1,1,1,0,1.0,1.0,1.0,1.0,0.6762287798337638,5.999126702547073,277.2688973082113,mmbind_weighted_contrastive,1.0,"[""client_030"", ""client_022"", ""client_006"", ""client_016"", ""client_026"", ""client_017"", ""client_034"", ""client_001""]","[0, 1, 2, 3]","[0, 1, 2, 3]",2,"{""0"": 2, ""1"": 2, ""2"": 2, ""3"": 2}",effective
81,81,2.4405899047851562,2.4405899047851562,2.4405899047851562,1.0335830450057983,1.0335830450057983,4.015627384185791,4.015627384185791,2.01088809967041,2.01088809967041,1.0335830450057983,0.40156275033950806,1.005444049835205,0.703125,0.703125,0.6876086331968686,0.6876086331968686,0.7176086780866192,8,64,1.0,64,64.0,"[0, 1, 2, 3, 4, 5, 6, 7, 8, 9, 10, 11]","[[0, 1, 2, 3, 4, 5, 6, 7, 8, 9, 10, 11]]",1.0,0,0,0,1.0,1,1,1,0,1.0,1.0,1.0,0.9993907083015994,0.6450897268950939,5.955216020345688,263.4113967400626,mmbind_weighted_contrastive,1.0,"[""client_013"", ""client_024"", ""client_032"", ""client_011"", ""client_002"", ""client_003"", ""client_028"", ""client_034""]","[0, 1, 2, 3]","[0, 1, 2, 3]",2,"{""0"": 2, ""1"": 2, ""2"": 2, ""3"": 2}",effective
82,82,2.23332142829895,2.23332142829895,2.23332142829895,0.871554970741272,0.871554970741272,3.981562376022339,3.981562376022339,1.927220344543457,1.927220344543457,0.871554970741272,0.3981562554836273,0.9636101722717285,0.78125,0.78125,0.6937759952465834,0.6937759952465834,0.7716772504456327,8,64,1.0,64,64.0,"[0, 1, 2, 3, 4, 5, 6, 7, 8, 9, 10, 11]","[[0, 1, 2, 3, 4, 5, 6, 7, 8, 9, 10, 11]]",1.0,0,0,0,1.0,1,1,1,0,1.0,1.0,1.0,0.9991084695393759,0.6860825209878385,5.96489879488945,270.1946589604486,mmbind_weighted_contrastive,1.0,"[""client_036"", ""client_023"", ""client_021"", ""client_017"", ""client_007"", ""client_006"", ""client_010"", ""client_037""]","[0, 1, 2, 3]","[0, 1, 2, 3]",2,"{""0"": 2, ""1"": 2, ""2"": 2, ""3"": 2}",effective
83,83,2.1163370609283447,2.1163370609283447,2.1163370609283447,0.7498157620429993,0.7498157620429993,3.98300838470459,3.98300838470459,1.9364409446716309,1.9364409446716309,0.7498157620429993,0.3983008563518524,0.9682204723358154,0.84375,0.84375,0.6742690582364496,0.6742690582364496,0.8347221392737697,8,64,1.0,64,64.0,"[0, 1, 2, 3, 4, 5, 6, 7, 8, 9, 10, 11]","[[0, 1, 2, 3, 4, 5, 6, 7, 8, 9, 10, 11]]",1.0,0,0,0,1.0,1,1,1,0,1.0,1.0,1.0,0.9991298042059463,0.6648360453546047,6.0195614993572235,266.6545799160667,mmbind_weighted_contrastive,1.0,"[""client_035"", ""client_039"", ""client_022"", ""client_025"", ""client_015"", ""client_014"", ""client_009"", ""client_004""]","[0, 1, 2, 3]","[0, 1, 2, 3]",2,"{""0"": 2, ""1"": 2, ""2"": 2, ""3"": 2}",effective
84,84,2.2045392990112305,2.2045392990112305,2.2045392990112305,0.861890435218811,0.861890435218811,3.8366925716400146,3.8366925716400146,1.9179590940475464,1.9179590940475464,0.861890435218811,0.38366925716400146,0.9589795470237732,0.6875,0.6875,0.6013446412473872,0.6013446412473872,0.6347102703027332,8,64,1.0,64,64.0,"[0, 1, 2, 3, 4, 5, 6, 7, 8, 9, 10, 11]","[[0, 1, 2, 3, 4, 5, 6, 7, 8, 9, 10, 11]]",1.0,0,0,0,1.0,1,1,1,0,1.0,1.0,1.0,0.9994334277620397,0.6589674861170352,6.050430208444595,264.5339057224919,mmbind_weighted_contrastive,1.0,"[""client_000"", ""client_018"", ""client_031"", ""client_026"", ""client_001"", ""client_030"", ""client_029"", ""client_012""]","[0, 1, 2, 3]","[0, 1, 2, 3]",2,"{""0"": 2, ""1"": 2, ""2"": 2, ""3"": 2}",effective
85,85,2.13873291015625,2.13873291015625,2.13873291015625,0.7845540046691895,0.7845540046691895,3.9176642894744873,3.9176642894744873,1.9248251914978027,1.9248251914978027,0.7845540046691895,0.39176642894744873,0.9624125957489014,0.828125,0.828125,0.7787799056820796,0.7787799056820796,0.8168281465665977,8,64,1.0,64,64.0,"[0, 1, 2, 3, 4, 5, 6, 7, 8, 9, 10, 11]","[[0, 1, 2, 3, 4, 5, 6, 7, 8, 9, 10, 11]]",1.0,0,0,0,1.0,1,1,1,0,1.0,1.0,1.0,1.0,0.6880272729322314,6.079441159963608,263.81167403646396,mmbind_weighted_contrastive,1.0,"[""client_008"", ""client_033"", ""client_027"", ""client_016"", ""client_019"", ""client_005"", ""client_038"", ""client_020""]","[0, 1, 2, 3]","[0, 1, 2, 3]",2,"{""0"": 2, ""1"": 2, ""2"": 2, ""3"": 2}",effective
86,86,2.08461856842041,2.08461856842041,2.08461856842041,0.7601674795150757,0.7601674795150757,3.8881871700286865,3.8881871700286865,1.8712648153305054,1.8712648153305054,0.7601674795150757,0.3888187110424042,0.9356324076652527,0.734375,0.734375,0.6982711732711732,0.6982711732711732,0.7060871420246421,8,64,1.0,64,64.0,"[0, 1, 2, 3, 4, 5, 6, 7, 8, 9, 10, 11]","[[0, 1, 2, 3, 4, 5, 6, 7, 8, 9, 10, 11]]",1.0,0,0,0,1.0,1,1,1,0,1.0,1.0,1.0,0.9994594594594595,0.6550541259348392,6.015735298395157,259.453404956148,mmbind_weighted_contrastive,1.0,"[""client_021"", ""client_003"", ""client_014"", ""client_028"", ""client_038"", ""client_012"", ""client_035"", ""client_001""]","[0, 1, 2, 3]","[0, 1, 2, 3]",2,"{""0"": 2, ""1"": 2, ""2"": 2, ""3"": 2}",effective
87,87,2.0038745403289795,2.0038745403289795,2.0038745403289795,0.6772101521492004,0.6772101521492004,3.907716989517212,3.907716989517212,1.8717855215072632,1.8717855215072632,0.6772101521492004,0.3907717168331146,0.9358927607536316,0.8125,0.8125,0.8247889365536426,0.8247889365536426,0.8057537438052145,8,64,1.0,64,64.0,"[0, 1, 2, 3, 4, 5, 6, 7, 8, 9, 10, 11]","[[0, 1, 2, 3, 4, 5, 6, 7, 8, 9, 10, 11]]",1.0,0,0,0,1.0,1,1,1,0,1.0,1.0,1.0,0.9992079207920792,0.6948797856457531,6.04236575961113,263.2633684540051,mmbind_weighted_contrastive,1.0,"[""client_024"", ""client_019"", ""client_000"", ""client_018"", ""client_007"", ""client_030"", ""client_039"", ""client_023""]","[0, 1, 2, 3]","[0, 1, 2, 3]",2,"{""0"": 2, ""1"": 2, ""2"": 2, ""3"": 2}",effective
88,88,1.9334921836853027,1.9334921836853027,1.9334921836853027,0.6152229309082031,0.6152229309082031,3.953657865524292,3.953657865524292,1.8458069562911987,1.8458069562911987,0.6152229309082031,0.39536580443382263,0.9229034781455994,0.9375,0.9375,0.8571428571428571,0.8571428571428571,0.9308035714285714,8,64,1.0,64,64.0,"[0, 1, 2, 3, 4, 5, 6, 7, 8, 9, 10, 11]","[[0, 1, 2, 3, 4, 5, 6, 7, 8, 9, 10, 11]]",1.0,0,0,0,1.0,1,1,1,0,1.0,1.0,1.0,0.9992258064516129,0.6516841570846736,6.081368327140808,262.19609941044473,mmbind_weighted_contrastive,1.0,"[""client_025"", ""client_017"", ""client_032"", ""client_033"", ""client_029"", ""client_002"", ""client_009"", ""client_011""]","[0, 1, 2, 3]","[0, 1, 2, 3]",2,"{""0"": 2, ""1"": 2, ""2"": 2, ""3"": 2}",effective
89,89,1.9562489986419678,1.9562489986419678,1.9562489986419678,0.6375587582588196,0.6375587582588196,3.9101171493530273,3.9101171493530273,1.855357050895691,1.855357050895691,0.6375587582588196,0.39101171493530273,0.9276785254478455,0.84375,0.84375,0.7523529711029711,0.7523529711029711,0.8529633127289378,8,64,1.0,64,64.0,"[0, 1, 2, 3, 4, 5, 6, 7, 8, 9, 10, 11]","[[0, 1, 2, 3, 4, 5, 6, 7, 8, 9, 10, 11]]",1.0,0,0,0,1.0,1,1,1,0,1.0,1.0,1.0,0.9994952681388013,0.6665829699486494,5.986356616020203,251.2822358457779,mmbind_weighted_contrastive,1.0,"[""client_005"", ""client_015"", ""client_036"", ""client_004"", ""client_022"", ""client_010"", ""client_020"", ""client_031""]","[0, 1, 2, 3]","[0, 1, 2, 3]",2,"{""0"": 2, ""1"": 2, ""2"": 2, ""3"": 2}",effective
90,90,2.037175178527832,2.037175178527832,2.037175178527832,0.7129843235015869,0.7129843235015869,3.8631699085235596,3.8631699085235596,1.875747799873352,1.875747799873352,0.7129843235015869,0.3863169848918915,0.937873899936676,0.796875,0.796875,0.7980177717019822,0.7980177717019822,0.8046222326649959,8,64,1.0,64,64.0,"[0, 1, 2, 3, 4, 5, 6, 7, 8, 9, 10, 11]","[[0, 1, 2, 3, 4, 5, 6, 7, 8, 9, 10, 11]]",1.0,0,0,0,1.0,1,1,1,0,1.0,1.0,1.0,1.0,0.6595859001390636,5.900302618741989,252.1023888521595,mmbind_weighted_contrastive,1.0,"[""client_027"", ""client_006"", ""client_034"", ""client_016"", ""client_026"", ""client_013"", ""client_008"", ""client_037""]","[0, 1, 2, 3]","[0, 1, 2, 3]",2,"{""0"": 2, ""1"": 2, ""2"": 2, ""3"": 2}",effective
91,91,1.8843978643417358,1.8843978643417358,1.8843978643417358,0.5863513350486755,0.5863513350486755,3.8885250091552734,3.8885250091552734,1.8183879852294922,1.8183879852294922,0.5863513350486755,0.3888525068759918,0.9091939926147461,0.796875,0.796875,0.7569872393401805,0.7569872393401805,0.7715219421101773,8,64,1.0,64,64.0,"[0, 1, 2, 3, 4, 5, 6, 7, 8, 9, 10, 11]","[[0, 1, 2, 3, 4, 5, 6, 7, 8, 9, 10, 11]]",1.0,0,0,0,1.0,1,1,1,0,1.0,1.0,1.0,0.9995171997585999,0.668460319750011,5.780851632356644,252.42321683335467,mmbind_weighted_contrastive,1.0,"[""client_006"", ""client_011"", ""client_028"", ""client_008"", ""client_023"", ""client_016"", ""client_031"", ""client_039""]","[0, 1, 2, 3]","[0, 1, 2, 3]",2,"{""0"": 2, ""1"": 2, ""2"": 2, ""3"": 2}",effective
92,92,1.9174492359161377,1.9174492359161377,1.9174492359161377,0.6203994750976562,0.6203994750976562,3.9191932678222656,3.9191932678222656,1.8102606534957886,1.8102606534957886,0.6203994750976562,0.39191934466362,0.9051303267478943,0.78125,0.78125,0.7823556475730388,0.7823556475730388,0.778191856452726,8,64,1.0,64,64.0,"[0, 1, 2, 3, 4, 5, 6, 7, 8, 9, 10, 11]","[[0, 1, 2, 3, 4, 5, 6, 7, 8, 9, 10, 11]]",1.0,0,0,0,1.0,1,1,1,0,1.0,1.0,1.0,0.9992916174734356,0.675013414118439,5.594281077384949,245.25870884620235,mmbind_weighted_contrastive,1.0,"[""client_034"", ""client_029"", ""client_003"", ""client_013"", ""client_015"", ""client_035"", ""client_026"", ""client_004""]","[0, 1, 2, 3]","[0, 1, 2, 3]",2,"{""0"": 2, ""1"": 2, ""2"": 2, ""3"": 2}",effective
93,93,1.8456730842590332,1.8456730842590332,1.8456730842590332,0.537259042263031,0.537259042263031,3.9646902084350586,3.9646902084350586,1.8238898515701294,1.8238898515701294,0.537259042263031,0.39646902680397034,0.9119449257850647,0.859375,0.859375,0.7167989417989418,0.7167989417989418,0.859970238095238,8,64,1.0,64,64.0,"[0, 1, 2, 3, 4, 5, 6, 7, 8, 9, 10, 11]","[[0, 1, 2, 3, 4, 5, 6, 7, 8, 9, 10, 11]]",1.0,0,0,0,1.0,1,1,1,0,1.0,1.0,1.0,0.9993067590987869,0.6587367821484804,5.54586187005043,251.79636635631323,mmbind_weighted_contrastive,1.0,"[""client_021"", ""client_017"", ""client_030"", ""client_038"", ""client_005"", ""client_027"", ""client_007"", ""client_012""]","[0, 1, 2, 3]","[0, 1, 2, 3]",2,"{""0"": 2, ""1"": 2, ""2"": 2, ""3"": 2}",effective
94,94,1.922825574874878,1.922825574874878,1.922825574874878,0.6390931606292725,0.6390931606292725,3.930621862411499,3.930621862411499,1.78134024143219,1.78134024143219,0.6390931606292725,0.39306220412254333,0.890670120716095,0.78125,0.78125,0.7473157446841657,0.7473157446841657,0.7859902341810237,8,64,1.0,64,64.0,"[0, 1, 2, 3, 4, 5, 6, 7, 8, 9, 10]","[[0, 1, 2, 3, 4, 5, 6, 7, 8, 9, 10]]",1.0,0,0,0,1.0,1,1,1,0,1.0,1.0,1.0,0.9995475113122172,0.6573589560575783,5.431181728839874,248.30943257166655,mmbind_weighted_contrastive,1.0,"[""client_009"", ""client_000"", ""client_014"", ""client_033"", ""client_010"", ""client_022"", ""client_037"", ""client_025""]","[0, 1, 2, 3]","[0, 1, 2, 3]",2,"{""0"": 2, ""1"": 2, ""2"": 2, ""3"": 2}",effective
95,95,1.8790295124053955,1.8790295124053955,1.8790295124053955,0.5969179272651672,0.5969179272651672,3.829857587814331,3.829857587814331,1.7982515096664429,1.7982515096664429,0.5969179272651672,0.38298577070236206,0.8991257548332214,0.796875,0.796875,0.7493867243867244,0.7493867243867244,0.783234126984127,8,64,1.0,64,64.0,"[0, 1, 2, 3, 4, 5, 6, 7, 8, 9, 10, 11]","[[0, 1, 2, 3, 4, 5, 6, 7, 8, 9, 10, 11]]",1.0,0,0,0,1.0,1,1,1,0,1.0,1.0,1.0,1.0,0.6454462800174952,5.3290314972400665,249.48956390755484,mmbind_weighted_contrastive,1.0,"[""client_019"", ""client_036"", ""client_020"", ""client_024"", ""client_002"", ""client_032"", ""client_018"", ""client_001""]","[0, 1, 2, 3]","[0, 1, 2, 3]",2,"{""0"": 2, ""1"": 2, ""2"": 2, ""3"": 2}",effective
96,96,1.7523741722106934,1.7523741722106934,1.7523741722106934,0.47792795300483704,0.47792795300483704,3.9337971210479736,3.9337971210479736,1.7621328830718994,1.7621328830718994,0.47792795300483704,0.39337971806526184,0.8810664415359497,0.890625,0.890625,0.8787878787878789,0.8787878787878789,0.890625,8,64,1.0,64,64.0,"[0, 1, 2, 3, 4, 5, 6, 7, 8, 9, 10, 11]","[[0, 1, 2, 3, 4, 5, 6, 7, 8, 9, 10, 11]]",1.0,0,0,0,1.0,1,1,1,0,1.0,1.0,1.0,0.9995661605206074,0.6383873680606484,5.232997447252274,240.90832540171687,mmbind_weighted_contrastive,1.0,"[""client_022"", ""client_002"", ""client_000"", ""client_016"", ""client_026"", ""client_019"", ""client_039"", ""client_033""]","[0, 1, 2, 3]","[0, 1, 2, 3]",2,"{""0"": 2, ""1"": 2, ""2"": 2, ""3"": 2}",effective
97,97,1.6812996864318848,1.6812996864318848,1.6812996864318848,0.4194132387638092,0.4194132387638092,3.89416241645813,3.89416241645813,1.7449404001235962,1.7449404001235962,0.4194132387638092,0.38941624760627747,0.8724702000617981,0.859375,0.859375,0.796448036665428,0.796448036665428,0.854599823485693,8,64,1.0,64,64.0,"[0, 1, 2, 3, 4, 5, 6, 7, 8, 9, 10, 11]","[[0, 1, 2, 3, 4, 5, 6, 7, 8, 9, 10, 11]]",1.0,0,0,0,1.0,1,1,1,0,1.0,1.0,1.0,0.9993627190653213,0.6371358148753643,5.130476266145706,242.40239660197403,mmbind_weighted_contrastive,1.0,"[""client_036"", ""client_037"", ""client_004"", ""client_012"", ""client_017"", ""client_027"", ""client_005"", ""client_021""]","[0, 1, 2, 3]","[0, 1, 2, 3]",2,"{""0"": 2, ""1"": 2, ""2"": 2, ""3"": 2}",effective
98,98,1.9163248538970947,1.9163248538970947,1.9163248538970947,0.6619852185249329,0.6619852185249329,3.820875883102417,3.820875883102417,1.7445039749145508,1.7445039749145508,0.6619852185249329,0.3820875883102417,0.8722519874572754,0.671875,0.671875,0.6757275132275131,0.6757275132275131,0.6617683531746033,8,64,1.0,64,64.0,"[0, 1, 2, 3, 4, 5, 6, 7, 8, 9, 10, 11]","[[0, 1, 2, 3, 4, 5, 6, 7, 8, 9, 10, 11]]",1.0,0,0,0,1.0,1,1,1,0,1.0,1.0,1.0,0.999375650364204,0.6372658018954098,4.906024843454361,243.21192352043,mmbind_weighted_contrastive,1.0,"[""client_006"", ""client_018"", ""client_020"", ""client_034"", ""client_025"", ""client_035"", ""client_008"", ""client_011""]","[0, 1, 2, 3]","[0, 1, 2, 3]",2,"{""0"": 2, ""1"": 2, ""2"": 2, ""3"": 2}",effective
99,99,1.7393525838851929,1.7393525838851929,1.7393525838851929,0.5020579695701599,0.5020579695701599,3.846173048019409,3.846173048019409,1.7053546905517578,1.7053546905517578,0.5020579695701599,0.38461729884147644,0.8526773452758789,0.796875,0.796875,0.8119895536562202,0.8119895536562202,0.7882256054131054,8,64,1.0,64,64.0,"[0, 1, 2, 3, 4, 5, 6, 7, 8, 9, 10, 11]","[[0, 1, 2, 3, 4, 5, 6, 7, 8, 9, 10, 11]]",1.0,0,0,0,1.0,1,1,1,0,1.0,1.0,1.0,0.9995920448750637,0.6391180660575628,4.808283418416977,251.0790133921546,mmbind_weighted_contrastive,1.0,"[""client_030"", ""client_013"", ""client_014"", ""client_009"", ""client_024"", ""client_029"", ""client_007"", ""client_032""]","[0, 1, 2, 3]","[0, 1, 2, 3]",2,"{""0"": 2, ""1"": 2, ""2"": 2, ""3"": 2}",effective
100,100,1.6534101963043213,1.6534101963043213,1.6534101963043213,0.41817617416381836,0.41817617416381836,3.851344347000122,3.851344347000122,1.700199007987976,1.700199007987976,0.41817617416381836,0.38513442873954773,0.850099503993988,0.875,0.875,0.7938528138528138,0.7938528138528138,0.8525108225108226,8,64,1.0,64,64.0,"[0, 1, 2, 3, 4, 5, 6, 7, 8, 9, 10, 11]","[[0, 1, 2, 3, 4, 5, 6, 7, 8, 9, 10, 11]]",1.0,0,0,0,1.0,1,1,1,0,1.0,1.0,1.0,1.0,0.6364183379337192,4.71904382109642,249.19714412055328,mmbind_weighted_contrastive,1.0,"[""client_015"", ""client_003"", ""client_028"", ""client_010"", ""client_023"", ""client_001"", ""client_038"", ""client_031""]","[0, 1, 2, 3]","[0, 1, 2, 3]",2,"{""0"": 2, ""1"": 2, ""2"": 2, ""3"": 2}",effective
101,101,1.7697733640670776,1.7697733640670776,1.7697733640670776,0.5291197896003723,0.5291197896003723,3.8626768589019775,3.8626768589019775,1.7087717056274414,1.7087717056274414,0.5291197896003723,0.38626769185066223,0.8543858528137207,0.796875,0.796875,0.7705536026100542,0.7705536026100542,0.771482651812793,8,64,1.0,64,64.0,"[0, 1, 2, 3, 4, 5, 6, 7, 8, 9, 10, 11]","[[0, 1, 2, 3, 4, 5, 6, 7, 8, 9, 10, 11]]",1.0,0,0,0,1.0,1,1,1,0,1.0,1.0,1.0,0.9996080352768251,0.6410675849765539,4.64011886715889,237.88912179332692,mmbind_weighted_contrastive,1.0,"[""client_021"", ""client_006"", ""client_033"", ""client_034"", ""client_007"", ""client_026"", ""client_019"", ""client_016""]","[0, 1, 2, 3]","[0, 1, 2, 3]",2,"{""0"": 2, ""1"": 2, ""2"": 2, ""3"": 2}",effective
102,102,1.7217810153961182,1.7217810153961182,1.7217810153961182,0.4814087748527527,0.4814087748527527,3.858660936355591,3.858660936355591,1.7090123891830444,1.7090123891830444,0.4814087748527527,0.38586610555648804,0.8545061945915222,0.8125,0.8125,0.7425732763968059,0.7425732763968059,0.8063838428728134,8,64,1.0,64,64.0,"[0, 1, 2, 3, 4, 5, 6, 7, 8, 9, 10, 11]","[[0, 1, 2, 3, 4, 5, 6, 7, 8, 9, 10, 11]]",1.0,0,0,0,1.0,1,1,1,0,1.0,1.0,1.0,0.9994236311239193,0.6433836547657847,4.5972462594509125,236.39507685453282,mmbind_weighted_contrastive,1.0,"[""client_023"", ""client_002"", ""client_036"", ""client_032"", ""client_018"", ""client_020"", ""client_012"", ""client_001""]","[0, 1, 2, 3]","[0, 1, 2, 3]",2,"{""0"": 2, ""1"": 2, ""2"": 2, ""3"": 2}",effective
103,103,1.506717562675476,1.506717562675476,1.506717562675476,0.2702854573726654,0.2702854573726654,3.974207639694214,3.974207639694214,1.6780226230621338,1.6780226230621338,0.2702854573726654,0.3974207639694214,0.8390113115310669,0.90625,0.90625,0.8601065601065602,0.8601065601065602,0.9096668956043955,8,64,1.0,64,64.0,"[0, 1, 2, 3, 4, 5, 6, 7, 8, 9, 10, 11]","[[0, 1, 2, 3, 4, 5, 6, 7, 8, 9, 10, 11]]",1.0,0,0,0,1.0,1,1,1,0,1.0,1.0,1.0,0.9994347621290627,0.6698465850204229,4.511067271232605,244.614448246517,mmbind_weighted_contrastive,1.0,"[""client_027"", ""client_004"", ""client_013"", ""client_037"", ""client_010"", ""client_003"", ""client_035"", ""client_028""]","[0, 1, 2, 3]","[0, 1, 2, 3]",2,"{""0"": 2, ""1"": 2, ""2"": 2, ""3"": 2}",effective
104,104,1.4591518640518188,1.4591518640518188,1.4591518640518188,0.2872466742992401,0.2872466742992401,3.847426176071167,3.847426176071167,1.5743250846862793,1.5743250846862793,0.2872466742992401,0.3847426176071167,0.7871625423431396,0.90625,0.90625,0.8899923605805959,0.8899923605805959,0.8957457983193278,8,64,1.0,64,64.0,"[0, 1, 2, 3, 4, 5, 6, 7, 8, 9, 10]","[[0, 1, 2, 3, 4, 5, 6, 7, 8, 9, 10]]",1.0,0,0,0,1.0,1,1,1,0,1.0,1.0,1.0,0.999630314232902,0.6453106570988894,4.484913766384125,243.4225527199451,mmbind_weighted_contrastive,1.0,"[""client_011"", ""client_025"", ""client_039"", ""client_030"", ""client_029"", ""client_008"", ""client_015"", ""client_009""]","[0, 1, 2, 3]","[0, 1, 2, 3]",2,"{""0"": 2, ""1"": 2, ""2"": 2, ""3"": 2}",effective
105,105,1.6378180980682373,1.6378180980682373,1.6378180980682373,0.42507365345954895,0.42507365345954895,3.830268621444702,3.830268621444702,1.6594351530075073,1.6594351530075073,0.42507365345954895,0.3830268681049347,0.8297175765037537,0.859375,0.859375,0.7991311718584445,0.7991311718584445,0.8462958916083916,8,64,1.0,64,64.0,"[0, 1, 2, 3, 4, 5, 6, 7, 8, 9, 10, 11]","[[0, 1, 2, 3, 4, 5, 6, 7, 8, 9, 10, 11]]",1.0,0,0,0,1.0,1,1,1,0,1.0,1.0,1.0,1.0,0.6432435237802565,4.299994349479675,239.83737138743163,mmbind_weighted_contrastive,1.0,"[""client_000"", ""client_038"", ""client_014"", ""client_022"", ""client_024"", ""client_031"", ""client_017"", ""client_005""]","[0, 1, 2, 3]","[0, 1, 2, 3]",2,"{""0"": 2, ""1"": 2, ""2"": 2, ""3"": 2}",effective
106,106,2.205761194229126,2.205761194229126,2.205761194229126,0.9090682864189148,0.9090682864189148,3.89980411529541,3.89980411529541,1.813425064086914,1.813425064086914,0.9090682864189148,0.38998040556907654,0.906712532043457,0.703125,0.703125,0.7127085877085878,0.7127085877085878,0.6996241605616605,8,64,1.0,64,64.0,"[0, 1, 2, 3, 4, 5, 6, 7, 8, 9, 10, 11]","[[0, 1, 2, 3, 4, 5, 6, 7, 8, 9, 10, 11]]",1.0,0,0,0,1.0,1,1,1,0,1.0,1.0,1.0,0.999644128113879,0.650075008161366,3.821413993835449,232.85358495425317,mmbind_weighted_contrastive,1.0,"[""client_032"", ""client_028"", ""client_002"", ""client_005"", ""client_037"", ""client_025"", ""client_014"", ""client_011""]","[0, 1, 2, 3]","[0, 1, 2, 3]",2,"{""0"": 2, ""1"": 2, ""2"": 2, ""3"": 2}",effective
107,107,1.5381301641464233,1.5381301641464233,1.5381301641464233,0.36836981773376465,0.36836981773376465,3.8029346466064453,3.8029346466064453,1.5789337158203125,1.5789337158203125,0.36836981773376465,0.38029345870018005,0.7894668579101562,0.84375,0.84375,0.817683096630465,0.817683096630465,0.8381944444444444,8,64,1.0,64,64.0,"[0, 1, 2, 3, 4, 5, 6, 7, 8, 9, 10, 11]","[[0, 1, 2, 3, 4, 5, 6, 7, 8, 9, 10, 11]]",1.0,0,0,0,1.0,1,1,1,0,1.0,1.0,1.0,0.9994762112614579,0.6479841759428382,3.7674866020679474,234.41889169625938,mmbind_weighted_contrastive,1.0,"[""client_036"", ""client_021"", ""client_022"", ""client_019"", ""client_018"", ""client_000"", ""client_038"", ""client_007""]","[0, 1, 2, 3]","[0, 1, 2, 3]",2,"{""0"": 2, ""1"": 2, ""2"": 2, ""3"": 2}",effective
108,108,1.5181498527526855,1.5181498527526855,1.5181498527526855,0.3349032998085022,0.3349032998085022,3.853732109069824,3.853732109069824,1.5957468748092651,1.5957468748092651,0.3349032998085022,0.38537320494651794,0.7978734374046326,0.875,0.875,0.7561783245993773,0.7561783245993773,0.8589022271588062,8,64,1.0,64,64.0,"[0, 1, 2, 3, 4, 5, 6, 7, 8, 9, 10, 11]","[[0, 1, 2, 3, 4, 5, 6, 7, 8, 9, 10, 11]]",1.0,0,0,0,1.0,1,1,1,0,1.0,1.0,1.0,0.9994858611825193,0.637187363114208,3.700020581483841,233.3435654223722,mmbind_weighted_contrastive,1.0,"[""client_029"", ""client_016"", ""client_015"", ""client_023"", ""client_009"", ""client_035"", ""client_034"", ""client_003""]","[0, 1, 2, 3]","[0, 1, 2, 3]",2,"{""0"": 2, ""1"": 2, ""2"": 2, ""3"": 2}",effective
109,109,1.8438808917999268,1.8438808917999268,1.8438808917999268,0.6202367544174194,0.6202367544174194,3.8355185985565186,3.8355185985565186,1.6801846027374268,1.6801846027374268,0.6202367544174194,0.38355186581611633,0.8400923013687134,0.734375,0.734375,0.7227564102564102,0.7227564102564102,0.7293097527472527,8,64,1.0,64,64.0,"[0, 1, 2, 3, 4, 5, 6, 7, 8, 9, 10, 11]","[[0, 1, 2, 3, 4, 5, 6, 7, 8, 9, 10, 11]]",1.0,0,0,0,1.0,1,1,1,0,1.0,1.0,1.0,0.9996634413125789,0.6392031610012054,3.401505619287491,229.3318541853514,mmbind_weighted_contrastive,1.0,"[""client_017"", ""client_033"", ""client_039"", ""client_020"", ""client_001"", ""client_013"", ""client_008"", ""client_024""]","[0, 1, 2, 3]","[0, 1, 2, 3]",2,"{""0"": 2, ""1"": 2, ""2"": 2, ""3"": 2}",effective
110,110,1.5314435958862305,1.5314435958862305,1.5314435958862305,0.38185542821884155,0.38185542821884155,3.8052003383636475,3.8052003383636475,1.53813636302948,1.53813636302948,0.38185542821884155,0.3805200457572937,0.76906818151474,0.859375,0.859375,0.8108736942070275,0.8108736942070275,0.8385772792022792,8,64,1.0,64,64.0,"[0, 1, 2, 3, 4, 5, 6, 7, 8, 9, 10, 11]","[[0, 1, 2, 3, 4, 5, 6, 7, 8, 9, 10, 11]]",1.0,0,0,0,1.0,1,1,1,0,1.0,1.0,1.0,1.0,0.6453904649242759,3.3637596368789673,239.35295315363328,mmbind_weighted_contrastive,1.0,"[""client_027"", ""client_012"", ""client_030"", ""client_004"", ""client_010"", ""client_006"", ""client_031"", ""client_026""]","[0, 1, 2, 3]","[0, 1, 2, 3]",2,"{""0"": 2, ""1"": 2, ""2"": 2, ""3"": 2}",effective
111,111,1.547555685043335,1.547555685043335,1.547555685043335,0.38008949160575867,0.38008949160575867,3.8243815898895264,3.8243815898895264,1.5700562000274658,1.5700562000274658,0.38008949160575867,0.38243815302848816,0.7850281000137329,0.8125,0.8125,0.8515410515410515,0.8515410515410515,0.8029623154623154,8,64,1.0,64,64.0,"[0, 1, 2, 3, 4, 5, 6, 7, 8, 9, 10, 11]","[[0, 1, 2, 3, 4, 5, 6, 7, 8, 9, 10, 11]]",1.0,0,0,0,1.0,1,1,1,0,1.0,1.0,1.0,0.9996754563894523,0.6620224118232727,3.1875670850276947,228.28701192792505,mmbind_weighted_contrastive,1.0,"[""client_013"", ""client_002"", ""client_039"", ""client_001"", ""client_032"", ""client_026"", ""client_017"", ""client_028""]","[0, 1, 2, 3]","[0, 1, 2, 3]",2,"{""0"": 2, ""1"": 2, ""2"": 2, ""3"": 2}",effective
112,112,1.524449348449707,1.524449348449707,1.524449348449707,0.3426344096660614,0.3426344096660614,3.825953722000122,3.825953722000122,1.5984392166137695,1.5984392166137695,0.3426344096660614,0.38259539008140564,0.7992196083068848,0.859375,0.859375,0.8379268879268879,0.8379268879268879,0.8495693542568543,8,64,1.0,64,64.0,"[0, 1, 2, 3, 4, 5, 6, 7, 8, 9, 10, 11]","[[0, 1, 2, 3, 4, 5, 6, 7, 8, 9, 10, 11]]",1.0,0,0,0,1.0,1,1,1,0,1.0,1.0,1.0,0.9995219123505976,0.6663693389855325,3.1608876287937164,229.79161672046757,mmbind_weighted_contrastive,1.0,"[""client_035"", ""client_007"", ""client_011"", ""client_030"", ""client_025"", ""client_020"", ""client_018"", ""client_004""]","[0, 1, 2, 3]","[0, 1, 2, 3]",2,"{""0"": 2, ""1"": 2, ""2"": 2, ""3"": 2}",effective
113,113,1.444152593612671,1.444152593612671,1.444152593612671,0.27938392758369446,0.27938392758369446,3.9061086177825928,3.9061086177825928,1.5483155250549316,1.5483155250549316,0.27938392758369446,0.39061087369918823,0.7741577625274658,0.9375,0.9375,0.87012987012987,0.87012987012987,0.932224025974026,8,64,1.0,64,64.0,"[0, 1, 2, 3, 4, 5, 6, 7, 8, 9, 10, 11]","[[0, 1, 2, 3, 4, 5, 6, 7, 8, 9, 10, 11]]",1.0,0,0,0,1.0,1,1,1,0,1.0,1.0,1.0,0.9995303326810177,0.6454870812594891,3.1225474774837494,233.1740722404502,mmbind_weighted_contrastive,1.0,"[""client_010"", ""client_022"", ""client_027"", ""client_016"", ""client_031"", ""client_003"", ""client_009"", ""client_034""]","[0, 1, 2, 3]","[0, 1, 2, 3]",2,"{""0"": 2, ""1"": 2, ""2"": 2, ""3"": 2}",effective
114,114,1.4451234340667725,1.4451234340667725,1.4451234340667725,0.26742273569107056,0.26742273569107056,3.92590069770813,3.92590069770813,1.5702210664749146,1.5702210664749146,0.26742273569107056,0.39259007573127747,0.7851105332374573,0.90625,0.90625,0.9047258297258297,0.9047258297258297,0.9127570346320346,8,64,1.0,64,64.0,"[0, 1, 2, 3, 4, 5, 6, 7, 8, 9, 10, 11]","[[0, 1, 2, 3, 4, 5, 6, 7, 8, 9, 10, 11]]",1.0,0,0,0,1.0,1,1,1,0,1.0,1.0,1.0,0.9996923076923077,0.6350550749339163,3.134816199541092,235.7191034645948,mmbind_weighted_contrastive,1.0,"[""client_006"", ""client_038"", ""client_029"", ""client_008"", ""client_012"", ""client_021"", ""client_037"", ""client_014""]","[0, 1, 2, 3]","[0, 1, 2, 3]",2,"{""0"": 2, ""1"": 2, ""2"": 2, ""3"": 2}",effective
115,115,1.4299936294555664,1.4299936294555664,1.4299936294555664,0.2652612626552582,0.2652612626552582,3.8669662475585938,3.8669662475585938,1.5560715198516846,1.5560715198516846,0.2652612626552582,0.38669663667678833,0.7780357599258423,0.90625,0.90625,0.7659637061810977,0.7659637061810977,0.8864240756224452,8,64,1.0,64,64.0,"[0, 1, 2, 3, 4, 5, 6, 7, 8, 9, 10, 11]","[[0, 1, 2, 3, 4, 5, 6, 7, 8, 9, 10, 11]]",1.0,0,0,0,1.0,1,1,1,0,1.0,1.0,1.0,1.0,0.6374359522014856,3.122639447450638,228.0094453911879,mmbind_weighted_contrastive,1.0,"[""client_033"", ""client_000"", ""client_036"", ""client_019"", ""client_005"", ""client_023"", ""client_015"", ""client_024""]","[0, 1, 2, 3]","[0, 1, 2, 3]",2,"{""0"": 2, ""1"": 2, ""2"": 2, ""3"": 2}",effective
116,116,1.5465948581695557,1.5465948581695557,1.5465948581695557,0.3625331521034241,0.3625331521034241,3.893073320388794,3.893073320388794,1.5895086526870728,1.5895086526870728,0.3625331521034241,0.3893073499202728,0.7947543263435364,0.875,0.875,0.8207264957264956,0.8207264957264956,0.8798477564102565,8,64,1.0,64,64.0,"[0, 1, 2, 3, 4, 5, 6, 7, 8, 9, 10, 11]","[[0, 1, 2, 3, 4, 5, 6, 7, 8, 9, 10, 11]]",1.0,0,0,0,1.0,1,1,1,0,1.0,1.0,1.0,0.999702823179792,0.6363489180803299,3.0513658225536346,231.27506538946182,mmbind_weighted_contrastive,1.0,"[""client_005"", ""client_010"", ""client_024"", ""client_016"", ""client_007"", ""client_038"", ""client_039"", ""client_027""]","[0, 1, 2, 3]","[0, 1, 2, 3]",2,"{""0"": 2, ""1"": 2, ""2"": 2, ""3"": 2}",effective
117,117,1.445189118385315,1.445189118385315,1.445189118385315,0.3232891261577606,0.3232891261577606,3.7479684352874756,3.7479684352874756,1.4942063093185425,1.4942063093185425,0.3232891261577606,0.3747968375682831,0.7471031546592712,0.90625,0.90625,0.8450559516735986,0.8450559516735986,0.8985814022578729,8,64,1.0,64,64.0,"[0, 1, 2, 3, 4, 5, 6, 7, 8, 9, 10, 11]","[[0, 1, 2, 3, 4, 5, 6, 7, 8, 9, 10, 11]]",1.0,0,0,0,1.0,1,1,1,0,1.0,1.0,1.0,0.9995618838992333,0.6378058991394937,3.0184053480625153,225.89370470467838,mmbind_weighted_contrastive,1.0,"[""client_019"", ""client_026"", ""client_022"", ""client_008"", ""client_013"", ""client_036"", ""client_031"", ""client_001""]","[0, 1, 2, 3]","[0, 1, 2, 3]",2,"{""0"": 2, ""1"": 2, ""2"": 2, ""3"": 2}",effective
118,118,1.4224932193756104,1.4224932193756104,1.4224932193756104,0.2798735499382019,0.2798735499382019,3.8208396434783936,3.8208396434783936,1.5210713148117065,1.5210713148117065,0.2798735499382019,0.3820839822292328,0.7605356574058533,0.90625,0.90625,0.8694444444444446,0.8694444444444446,0.89375,8,64,1.0,64,64.0,"[0, 1, 2, 3, 4, 5, 6, 7, 8, 9, 10, 11]","[[0, 1, 2, 3, 4, 5, 6, 7, 8, 9, 10, 11]]",1.0,0,0,0,1.0,1,1,1,0,1.0,1.0,1.0,0.9995692749461593,0.6357304616831243,3.034600615501404,230.11401991770254,mmbind_weighted_contrastive,1.0,"[""client_004"", ""client_034"", ""client_014"", ""client_020"", ""client_037"", ""client_023"", ""client_000"", ""client_012""]","[0, 1, 2, 3]","[0, 1, 2, 3]",2,"{""0"": 2, ""1"": 2, ""2"": 2, ""3"": 2}",effective
119,119,1.3381800651550293,1.3381800651550293,1.3381800651550293,0.19313040375709534,0.19313040375709534,3.865025520324707,3.865025520324707,1.5170942544937134,1.5170942544937134,0.19313040375709534,0.38650256395339966,0.7585471272468567,0.9375,0.9375,0.8666666666666667,0.8666666666666667,0.934375,8,64,1.0,64,64.0,"[0, 1, 2, 3, 4, 5, 6, 7, 8, 9, 10, 11]","[[0, 1, 2, 3, 4, 5, 6, 7, 8, 9, 10, 11]]",1.0,0,0,0,1.0,1,1,1,0,1.0,1.0,1.0,0.999717613836922,0.6530837859027088,2.9940748810768127,227.5065501613135,mmbind_weighted_contrastive,1.0,"[""client_002"", ""client_025"", ""client_035"", ""client_018"", ""client_021"", ""client_033"", ""client_011"", ""client_006""]","[0, 1, 2, 3]","[0, 1, 2, 3]",2,"{""0"": 2, ""1"": 2, ""2"": 2, ""3"": 2}",effective
120,120,1.508669376373291,1.508669376373291,1.508669376373291,0.33048883080482483,0.33048883080482483,3.9025943279266357,3.9025943279266357,1.575842261314392,1.575842261314392,0.33048883080482483,0.39025944471359253,0.787921130657196,0.890625,0.890625,0.8797541238717711,0.8797541238717711,0.8885533380018674,8,64,1.0,64,64.0,"[0, 1, 2, 3, 4, 5, 6, 7, 8, 9, 10, 11]","[[0, 1, 2, 3, 4, 5, 6, 7, 8, 9, 10, 11]]",1.0,0,0,0,1.0,1,1,1,0,1.0,1.0,1.0,1.0,0.6346220020204782,2.9513121247291565,223.735192169348,mmbind_weighted_contrastive,1.0,"[""client_028"", ""client_017"", ""client_015"", ""client_032"", ""client_029"", ""client_030"", ""client_003"", ""client_009""]","[0, 1, 2, 3]","[0, 1, 2, 3]",2,"{""0"": 2, ""1"": 2, ""2"": 2, ""3"": 2}",effective
121,121,1.4299176931381226,1.4299176931381226,1.4299176931381226,0.2868429720401764,0.2868429720401764,3.8583736419677734,3.8583736419677734,1.514474630355835,1.514474630355835,0.2868429720401764,0.3858373761177063,0.7572373151779175,0.875,0.875,0.8234215217187352,0.8234215217187352,0.8659574655220941,8,64,1.0,64,64.0,"[0, 1, 2, 3, 4, 5, 6, 7, 8, 9, 10, 11]","[[0, 1, 2, 3, 4, 5, 6, 7, 8, 9, 10, 11]]",1.0,0,0,0,1.0,1,1,1,0,1.0,1.0,1.0,0.999726869238648,0.6385328350588679,2.853283017873764,231.44150591176003,mmbind_weighted_contrastive,1.0,"[""client_039"", ""client_016"", ""client_028"", ""client_004"", ""client_031"", ""client_010"", ""client_025"", ""client_006""]","[0, 1, 2, 3]","[0, 1, 2, 3]",2,"{""0"": 2, ""1"": 2, ""2"": 2, ""3"": 2}",effective
122,122,1.3898870944976807,1.3898870944976807,1.3898870944976807,0.26504507660865784,0.26504507660865784,3.821714162826538,3.821714162826538,1.4853413105010986,1.4853413105010986,0.26504507660865784,0.3821714222431183,0.7426706552505493,0.953125,0.953125,0.9455555555555556,0.9455555555555556,0.9491666666666666,8,64,1.0,64,64.0,"[0, 1, 2, 3, 4, 5, 6, 7, 8, 9, 10, 11]","[[0, 1, 2, 3, 4, 5, 6, 7, 8, 9, 10, 11]]",1.0,0,0,0,1.0,1,1,1,0,1.0,1.0,1.0,0.999597044996642,0.6391929239034653,2.865190088748932,223.10831282180152,mmbind_weighted_contrastive,1.0,"[""client_037"", ""client_015"", ""client_012"", ""client_009"", ""client_034"", ""client_000"", ""client_021"", ""client_024""]","[0, 1, 2, 3]","[0, 1, 2, 3]",2,"{""0"": 2, ""1"": 2, ""2"": 2, ""3"": 2}",effective
123,123,1.4499993324279785,1.4499993324279785,1.4499993324279785,0.3030281662940979,0.3030281662940979,3.8251304626464844,3.8251304626464844,1.5289162397384644,1.5289162397384644,0.3030281662940979,0.38251304626464844,0.7644581198692322,0.90625,0.90625,0.8437091503267974,0.8437091503267974,0.8896446078431374,8,64,1.0,64,64.0,"[0, 1, 2, 3, 4, 5, 6, 7, 8, 9, 10, 11]","[[0, 1, 2, 3, 4, 5, 6, 7, 8, 9, 10, 11]]",1.0,0,0,0,1.0,1,1,1,0,1.0,1.0,1.0,0.999603567888999,0.6434933259151876,2.7910232841968536,219.36318853418925,mmbind_weighted_contrastive,1.0,"[""client_019"", ""client_029"", ""client_026"", ""client_001"", ""client_036"", ""client_030"", ""client_017"", ""client_002""]","[0, 1, 2, 3]","[0, 1, 2, 3]",2,"{""0"": 2, ""1"": 2, ""2"": 2, ""3"": 2}",effective
124,124,1.4093995094299316,1.4093995094299316,1.4093995094299316,0.25457218289375305,0.25457218289375305,3.925471544265747,3.925471544265747,1.5245602130889893,1.5245602130889893,0.25457218289375305,0.3925471603870392,0.7622801065444946,0.90625,0.90625,0.926948051948052,0.926948051948052,0.9054129464285714,8,64,1.0,64,64.0,"[0, 1, 2, 3, 4, 5, 6, 7, 8, 9, 10, 11]","[[0, 1, 2, 3, 4, 5, 6, 7, 8, 9, 10, 11]]",1.0,0,0,0,1.0,1,1,1,0,1.0,1.0,1.0,0.999739921976593,0.6431332868523896,2.8125210106372833,234.9854618930549,mmbind_weighted_contrastive,1.0,"[""client_020"", ""client_014"", ""client_027"", ""client_003"", ""client_018"", ""client_032"", ""client_038"", ""client_007""]","[0, 1, 2, 3]","[0, 1, 2, 3]",2,"{""0"": 2, ""1"": 2, ""2"": 2, ""3"": 2}",effective
125,125,1.41877019405365,1.41877019405365,1.41877019405365,0.29938867688179016,0.29938867688179016,3.7820370197296143,3.7820370197296143,1.4823555946350098,1.4823555946350098,0.29938867688179016,0.37820371985435486,0.7411777973175049,0.859375,0.859375,0.815592903828198,0.815592903828198,0.8608630952380952,8,64,1.0,64,64.0,"[0, 1, 2, 3, 4, 5, 6, 7, 8, 9, 10, 11]","[[0, 1, 2, 3, 4, 5, 6, 7, 8, 9, 10, 11]]",1.0,0,0,0,1.0,1,1,1,0,1.0,1.0,1.0,1.0,0.6443594149313867,2.786227375268936,215.52008001023205,mmbind_weighted_contrastive,1.0,"[""client_008"", ""client_023"", ""client_022"", ""client_011"", ""client_033"", ""client_035"", ""client_005"", ""client_013""]","[0, 1, 2, 3]","[0, 1, 2, 3]",2,"{""0"": 2, ""1"": 2, ""2"": 2, ""3"": 2}",effective
126,126,1.3629614114761353,1.3629614114761353,1.3629614114761353,0.27498704195022583,0.27498704195022583,3.772092580795288,3.772092580795288,1.4215302467346191,1.4215302467346191,0.27498704195022583,0.37720927596092224,0.7107651233673096,0.921875,0.921875,0.9206656346749226,0.9206656346749226,0.9197223297213621,8,64,1.0,64,64.0,"[0, 1, 2, 3, 4, 5, 6, 7, 8, 9, 10, 11]","[[0, 1, 2, 3, 4, 5, 6, 7, 8, 9, 10, 11]]",1.0,0,0,0,1.0,1,1,1,0,1.0,1.0,1.0,0.9997481108312343,0.6356360279023647,2.806308388710022,220.60289133322658,mmbind_weighted_contrastive,1.0,"[""client_021"", ""client_015"", ""client_034"", ""client_011"", ""client_006"", ""client_035"", ""client_005"", ""client_026""]","[0, 1, 2, 3]","[0, 1, 2, 3]",2,"{""0"": 2, ""1"": 2, ""2"": 2, ""3"": 2}",effective
127,127,1.3562647104263306,1.3562647104263306,1.3562647104263306,0.20907843112945557,0.20907843112945557,3.9263198375701904,3.9263198375701904,1.509108543395996,1.509108543395996,0.20907843112945557,0.39263197779655457,0.754554271697998,0.890625,0.890625,0.7823102823102822,0.7823102823102822,0.9066749222999223,8,64,1.0,64,64.0,"[0, 1, 2, 3, 4, 5, 6, 7, 8, 9, 10, 11]","[[0, 1, 2, 3, 4, 5, 6, 7, 8, 9, 10, 11]]",1.0,0,0,0,1.0,1,1,1,0,1.0,1.0,1.0,0.9996281375890921,0.6564651825465262,2.7427085041999817,220.96850360074313,mmbind_weighted_contrastive,1.0,"[""client_012"", ""client_031"", ""client_029"", ""client_002"", ""client_003"", ""client_014"", ""client_023"", ""client_036""]","[0, 1, 2, 3]","[0, 1, 2, 3]",2,"{""0"": 2, ""1"": 2, ""2"": 2, ""3"": 2}",effective
128,128,1.3464336395263672,1.3464336395263672,1.3464336395263672,0.23765017092227936,0.23765017092227936,3.823190927505493,3.823190927505493,1.452928900718689,1.452928900718689,0.23765017092227936,0.3823190927505493,0.7264644503593445,0.90625,0.90625,0.8166666666666668,0.8166666666666668,0.91875,8,64,1.0,64,64.0,"[0, 1, 2, 3, 4, 5, 6, 7, 8, 9, 10, 11]","[[0, 1, 2, 3, 4, 5, 6, 7, 8, 9, 10, 11]]",1.0,0,0,0,1.0,1,1,1,0,1.0,1.0,1.0,0.999633923123856,0.6443164949305356,2.778999775648117,219.41928914922755,mmbind_weighted_contrastive,1.0,"[""client_013"", ""client_008"", ""client_027"", ""client_017"", ""client_009"", ""client_024"", ""client_033"", ""client_032""]","[0, 1, 2, 3]","[0, 1, 2, 3]",2,"{""0"": 2, ""1"": 2, ""2"": 2, ""3"": 2}",effective
129,129,1.2900052070617676,1.2900052070617676,1.2900052070617676,0.172318696975708,0.172318696975708,3.879232168197632,3.879232168197632,1.459526538848877,1.459526538848877,0.172318696975708,0.3879232108592987,0.7297632694244385,0.9375,0.9375,0.9195156695156695,0.9195156695156695,0.9354967948717948,8,64,1.0,64,64.0,"[0, 1, 2, 3, 4, 5, 6, 7, 8, 9, 10, 11]","[[0, 1, 2, 3, 4, 5, 6, 7, 8, 9, 10, 11]]",1.0,0,0,0,1.0,1,1,1,0,1.0,1.0,1.0,0.999759687593872,0.6521168039180338,2.772862821817398,227.7084705796151,mmbind_weighted_contrastive,1.0,"[""client_010"", ""client_038"", ""client_039"", ""client_022"", ""client_007"", ""client_025"", ""client_018"", ""client_004""]","[0, 1, 2, 3]","[0, 1, 2, 3]",2,"{""0"": 2, ""1"": 2, ""2"": 2, ""3"": 2}",effective
130,130,1.292358636856079,1.292358636856079,1.292358636856079,0.18117211759090424,0.18117211759090424,3.900723457336426,3.900723457336426,1.4422283172607422,1.4422283172607422,0.18117211759090424,0.3900723457336426,0.7211141586303711,0.921875,0.921875,0.9019021382657745,0.9019021382657745,0.9234397546897548,8,64,1.0,64,64.0,"[0, 1, 2, 3, 4, 5, 6, 7, 8, 9, 10]","[[0, 1, 2, 3, 4, 5, 6, 7, 8, 9, 10]]",1.0,0,0,0,1.0,1,1,1,0,1.0,1.0,1.0,1.0,0.6502066417597234,2.7634532153606415,224.8379899467982,mmbind_weighted_contrastive,1.0,"[""client_019"", ""client_037"", ""client_030"", ""client_020"", ""client_016"", ""client_000"", ""client_028"", ""client_001""]","[0, 1, 2, 3]","[0, 1, 2, 3]",2,"{""0"": 2, ""1"": 2, ""2"": 2, ""3"": 2}",effective
131,131,1.2921698093414307,1.2921698093414307,1.2921698093414307,0.2254462093114853,0.2254462093114853,3.778428077697754,3.778428077697754,1.3777616024017334,1.3777616024017334,0.2254462093114853,0.37784281373023987,0.6888808012008667,0.890625,0.890625,0.8685185185185186,0.8685185185185186,0.9059027777777777,8,64,1.0,64,64.0,"[0, 1, 2, 3, 4, 5, 6, 7, 8, 9, 10, 11]","[[0, 1, 2, 3, 4, 5, 6, 7, 8, 9, 10, 11]]",1.0,0,0,0,1.0,1,1,1,0,1.0,1.0,1.0,0.9997669676667638,0.6472582230344415,2.758530169725418,221.03791710725636,mmbind_weighted_contrastive,1.0,"[""client_007"", ""client_024"", ""client_039"", ""client_032"", ""client_023"", ""client_011"", ""client_017"", ""client_002""]","[0, 1, 2, 3]","[0, 1, 2, 3]",2,"{""0"": 2, ""1"": 2, ""2"": 2, ""3"": 2}",effective
132,132,1.4867594242095947,1.4867594242095947,1.4867594242095947,0.3954756557941437,0.3954756557941437,3.7758920192718506,3.7758920192718506,1.4273890256881714,1.4273890256881714,0.3954756557941437,0.3775891959667206,0.7136945128440857,0.84375,0.84375,0.9195804195804196,0.9195804195804196,0.8527644230769231,8,64,1.0,64,64.0,"[0, 1, 2, 3, 4, 5, 6, 7, 8, 9, 10]","[[0, 1, 2, 3, 4, 5, 6, 7, 8, 9, 10]]",1.0,0,0,0,1.0,1,1,1,0,1.0,1.0,1.0,0.9996557659208262,0.6416619322262704,2.5523734986782074,223.59976375981933,mmbind_weighted_contrastive,1.0,"[""client_027"", ""client_015"", ""client_021"", ""client_019"", ""client_035"", ""client_004"", ""client_033"", ""client_006""]","[0, 1, 2, 3]","[0, 1, 2, 3]",2,"{""0"": 2, ""1"": 2, ""2"": 2, ""3"": 2}",effective
133,133,1.2689030170440674,1.2689030170440674,1.2689030170440674,0.20381899178028107,0.20381899178028107,3.833479642868042,3.833479642868042,1.3634721040725708,1.3634721040725708,0.20381899178028107,0.3833479583263397,0.6817360520362854,0.96875,0.96875,0.8971861471861472,0.8971861471861472,0.9616477272727273,8,64,1.0,64,64.0,"[0, 1, 2, 3, 4, 5, 6, 7, 8, 9, 10, 11]","[[0, 1, 2, 3, 4, 5, 6, 7, 8, 9, 10, 11]]",1.0,0,0,0,1.0,1,1,1,0,1.0,1.0,1.0,0.9996609211641707,0.643148806411773,2.5505967140197754,221.3236000177567,mmbind_weighted_contrastive,1.0,"[""client_000"", ""client_026"", ""client_009"", ""client_038"", ""client_037"", ""client_020"", ""client_012"", ""client_010""]","[0, 1, 2, 3]","[0, 1, 2, 3]",2,"{""0"": 2, ""1"": 2, ""2"": 2, ""3"": 2}",effective
134,134,1.2837488651275635,1.2837488651275635,1.2837488651275635,0.17903073132038116,0.17903073132038116,3.9016225337982178,3.9016225337982178,1.4291115999221802,1.4291115999221802,0.17903073132038116,0.39016225934028625,0.7145557999610901,0.9375,0.9375,0.9138888888888889,0.9138888888888889,0.9354166666666667,8,64,1.0,64,64.0,"[0, 1, 2, 3, 4, 5, 6, 7, 8, 9, 10, 11]","[[0, 1, 2, 3, 4, 5, 6, 7, 8, 9, 10, 11]]",1.0,0,0,0,1.0,1,1,1,0,1.0,1.0,1.0,0.9997772828507795,0.6422618199139833,2.5893648266792297,223.47666834341362,mmbind_weighted_contrastive,1.0,"[""client_008"", ""client_031"", ""client_030"", ""client_025"", ""client_003"", ""client_018"", ""client_028"", ""client_016""]","[0, 1, 2, 3]","[0, 1, 2, 3]",2,"{""0"": 2, ""1"": 2, ""2"": 2, ""3"": 2}",effective
135,135,1.2432067394256592,1.2432067394256592,1.2432067394256592,0.19828510284423828,0.19828510284423828,3.8048765659332275,3.8048765659332275,1.32886803150177,1.32886803150177,0.19828510284423828,0.3804876506328583,0.664434015750885,0.9375,0.9375,0.8582939787485242,0.8582939787485242,0.9292664366883115,8,64,1.0,64,64.0,"[0, 1, 2, 3, 4, 5, 6, 7, 8, 9, 10, 11]","[[0, 1, 2, 3, 4, 5, 6, 7, 8, 9, 10, 11]]",1.0,0,0,0,1.0,1,1,1,0,1.0,1.0,1.0,1.0,0.6455543702468276,2.597791850566864,215.43226242341916,mmbind_weighted_contrastive,1.0,"[""client_029"", ""client_014"", ""client_036"", ""client_005"", ""client_034"", ""client_022"", ""client_013"", ""client_001""]","[0, 1, 2, 3]","[0, 1, 2, 3]",2,"{""0"": 2, ""1"": 2, ""2"": 2, ""3"": 2}",effective
136,136,1.352686882019043,1.352686882019043,1.352686882019043,0.26852014660835266,0.26852014660835266,3.8242504596710205,3.8242504596710205,1.403483510017395,1.403483510017395,0.26852014660835266,0.3824250400066376,0.7017417550086975,0.875,0.875,0.804831523252576,0.804831523252576,0.8791979949874688,8,64,1.0,64,64.0,"[0, 1, 2, 3, 4, 5, 6, 7, 8, 9, 10, 11]","[[0, 1, 2, 3, 4, 5, 6, 7, 8, 9, 10, 11]]",1.0,0,0,0,1.0,1,1,1,0,1.0,1.0,1.0,0.9997837837837837,0.6452307519502938,2.5094379782676697,222.15814669101383,mmbind_weighted_contrastive,1.0,"[""client_002"", ""client_038"", ""client_004"", ""client_021"", ""client_024"", ""client_018"", ""client_019"", ""client_032""]","[0, 1, 2, 3]","[0, 1, 2, 3]",2,"{""0"": 2, ""1"": 2, ""2"": 2, ""3"": 2}",effective
137,137,1.2819268703460693,1.2819268703460693,1.2819268703460693,0.18566322326660156,0.18566322326660156,3.8773062229156494,3.8773062229156494,1.4170660972595215,1.4170660972595215,0.18566322326660156,0.3877306282520294,0.7085330486297607,0.953125,0.953125,0.8814814814814816,0.8814814814814816,0.940625,8,64,1.0,64,64.0,"[0, 1, 2, 3, 4, 5, 6, 7, 8, 9, 10, 11]","[[0, 1, 2, 3, 4, 5, 6, 7, 8, 9, 10, 11]]",1.0,0,0,0,1.0,1,1,1,0,1.0,1.0,1.0,0.9996804260985352,0.6376977879554033,2.4011503756046295,220.55180514074164,mmbind_weighted_contrastive,1.0,"[""client_025"", ""client_008"", ""client_036"", ""client_039"", ""client_014"", ""client_023"", ""client_011"", ""client_007""]","[0, 1, 2, 3]","[0, 1, 2, 3]",2,"{""0"": 2, ""1"": 2, ""2"": 2, ""3"": 2}",effective
138,138,1.3774960041046143,1.3774960041046143,1.3774960041046143,0.3160408139228821,0.3160408139228821,3.7432861328125,3.7432861328125,1.3742530345916748,1.3742530345916748,0.3160408139228821,0.37432861328125,0.6871265172958374,0.890625,0.890625,0.8194049438068576,0.8194049438068576,0.8721495061955588,8,64,1.0,64,64.0,"[0, 1, 2, 3, 4, 5, 6, 7, 8, 9, 10, 11]","[[0, 1, 2, 3, 4, 5, 6, 7, 8, 9, 10, 11]]",1.0,0,0,0,1.0,1,1,1,0,1.0,1.0,1.0,0.9996850393700787,0.6402673488482833,2.3518170416355133,211.89350296056364,mmbind_weighted_contrastive,1.0,"[""client_017"", ""client_031"", ""client_022"", ""client_005"", ""client_015"", ""client_033"", ""client_001"", ""client_028""]","[0, 1, 2, 3]","[0, 1, 2, 3]",2,"{""0"": 2, ""1"": 2, ""2"": 2, ""3"": 2}",effective
139,139,1.4677019119262695,1.4677019119262695,1.4677019119262695,0.38474565744400024,0.38474565744400024,3.851915121078491,3.851915121078491,1.3955296277999878,1.3955296277999878,0.38474565744400024,0.38519152998924255,0.6977648138999939,0.890625,0.890625,0.8346330802852543,0.8346330802852543,0.8661771048999309,8,64,1.0,64,64.0,"[0, 1, 2, 3, 4, 5, 6, 7, 8, 9, 10, 11]","[[0, 1, 2, 3, 4, 5, 6, 7, 8, 9, 10, 11]]",1.0,0,0,0,1.0,1,1,1,0,1.0,1.0,1.0,0.9997930142302717,0.6768664242699742,2.161966025829315,213.28170861359104,mmbind_weighted_contrastive,1.0,"[""client_006"", ""client_010"", ""client_016"", ""client_029"", ""client_026"", ""client_003"", ""client_034"", ""client_030""]","[0, 1, 2, 3]","[0, 1, 2, 3]",2,"{""0"": 2, ""1"": 2, ""2"": 2, ""3"": 2}",effective
140,140,1.1724053621292114,1.1724053621292114,1.1724053621292114,0.14995774626731873,0.14995774626731873,3.8108956813812256,3.8108956813812256,1.2827160358428955,1.2827160358428955,0.14995774626731873,0.38108956813812256,0.6413580179214478,0.9375,0.9375,0.8801391844870107,0.8801391844870107,0.9168524712002972,8,64,1.0,64,64.0,"[0, 1, 2, 3, 4, 5, 6, 7, 8, 9, 10, 11]","[[0, 1, 2, 3, 4, 5, 6, 7, 8, 9, 10, 11]]",1.0,0,0,0,1.0,1,1,1,0,1.0,1.0,1.0,1.0,0.6645050412043929,2.208836406469345,219.44966546239448,mmbind_weighted_contrastive,1.0,"[""client_037"", ""client_012"", ""client_000"", ""client_013"", ""client_009"", ""client_035"", ""client_027"", ""client_020""]","[0, 1, 2, 3]","[0, 1, 2, 3]",2,"{""0"": 2, ""1"": 2, ""2"": 2, ""3"": 2}",effective
141,141,1.3861953020095825,1.3861953020095825,1.3861953020095825,0.3237558901309967,0.3237558901309967,3.7494001388549805,3.7494001388549805,1.3749988079071045,1.3749988079071045,0.3237558901309967,0.37494000792503357,0.6874994039535522,0.90625,0.90625,0.8624542124542126,0.8624542124542126,0.8935439560439561,8,64,1.0,64,64.0,"[0, 1, 2, 3, 4, 5, 6, 7, 8, 9, 10, 11]","[[0, 1, 2, 3, 4, 5, 6, 7, 8, 9, 10, 11]]",1.0,0,0,0,1.0,1,1,1,0,1.0,1.0,1.0,0.9997988433492583,0.6485500787384808,2.1602794528007507,209.2209727128502,mmbind_weighted_contrastive,1.0,"[""client_026"", ""client_004"", ""client_036"", ""client_001"", ""client_029"", ""client_017"", ""client_032"", ""client_018""]","[0, 1, 2, 3]","[0, 1, 2, 3]",2,"{""0"": 2, ""1"": 2, ""2"": 2, ""3"": 2}",effective
142,142,1.204685926437378,1.204685926437378,1.204685926437378,0.16613997519016266,0.16613997519016266,3.7811996936798096,3.7811996936798096,1.3208518028259277,1.3208518028259277,0.16613997519016266,0.37811997532844543,0.6604259014129639,0.890625,0.890625,0.8847425301970758,0.8847425301970758,0.8954217657342657,8,64,1.0,64,64.0,"[0, 1, 2, 3, 4, 5, 6, 7, 8, 9, 10, 11]","[[0, 1, 2, 3, 4, 5, 6, 7, 8, 9, 10, 11]]",1.0,0,0,0,1.0,1,1,1,0,1.0,1.0,1.0,0.9997025285076847,0.6541736670769751,2.151638627052307,212.14179871996748,mmbind_weighted_contrastive,1.0,"[""client_034"", ""client_035"", ""client_028"", ""client_007"", ""client_019"", ""client_013"", ""client_009"", ""client_023""]","[0, 1, 2, 3]","[0, 1, 2, 3]",2,"{""0"": 2, ""1"": 2, ""2"": 2, ""3"": 2}",effective
143,143,1.1075081825256348,1.1075081825256348,1.1075081825256348,0.08494354784488678,0.08494354784488678,3.8293020725250244,3.8293020725250244,1.2792689800262451,1.2792689800262451,0.08494354784488678,0.3829302191734314,0.6396344900131226,0.984375,0.984375,0.974825174825175,0.974825174825175,0.9834134615384615,8,64,1.0,64,64.0,"[0, 1, 2, 3, 4, 5, 6, 7, 8, 9, 10, 11]","[[0, 1, 2, 3, 4, 5, 6, 7, 8, 9, 10, 11]]",1.0,0,0,0,1.0,1,1,1,0,1.0,1.0,1.0,0.9997066731850404,0.6384477908723056,2.2160481214523315,219.68027022169554,mmbind_weighted_contrastive,1.0,"[""client_039"", ""client_012"", ""client_022"", ""client_021"", ""client_006"", ""client_016"", ""client_000"", ""client_030""]","[0, 1, 2, 3]","[0, 1, 2, 3]",2,"{""0"": 2, ""1"": 2, ""2"": 2, ""3"": 2}",effective
144,144,1.2585914134979248,1.2585914134979248,1.2585914134979248,0.21848952770233154,0.21848952770233154,3.7378690242767334,3.7378690242767334,1.3326300382614136,1.3326300382614136,0.21848952770233154,0.37378689646720886,0.6663150191307068,0.96875,0.96875,0.9826388888888888,0.9826388888888888,0.9694010416666666,8,64,1.0,64,64.0,"[0, 1, 2, 3, 4, 5, 6, 7, 8, 9, 10, 11]","[[0, 1, 2, 3, 4, 5, 6, 7, 8, 9, 10, 11]]",1.0,0,0,0,1.0,1,1,1,0,1.0,1.0,1.0,0.9998071359691417,0.6598464287817478,2.349109709262848,215.7741773345042,mmbind_weighted_contrastive,1.0,"[""client_020"", ""client_008"", ""client_010"", ""client_037"", ""client_024"", ""client_014"", ""client_005"", ""client_038""]","[0, 1, 2, 3]","[0, 1, 2, 3]",2,"{""0"": 2, ""1"": 2, ""2"": 2, ""3"": 2}",effective
145,145,1.194220781326294,1.194220781326294,1.194220781326294,0.16665081679821014,0.16665081679821014,3.798375368118286,3.798375368118286,1.2954649925231934,1.2954649925231934,0.16665081679821014,0.3798375427722931,0.6477324962615967,0.96875,0.96875,0.9757142857142858,0.9757142857142858,0.9680803571428571,8,64,1.0,64,64.0,"[0, 1, 2, 3, 4, 5, 6, 7, 8, 9, 10, 11]","[[0, 1, 2, 3, 4, 5, 6, 7, 8, 9, 10, 11]]",1.0,0,0,0,1.0,1,1,1,0,1.0,1.0,1.0,1.0,0.6611664080992341,2.3781201541423798,217.95224493864225,mmbind_weighted_contrastive,1.0,"[""client_015"", ""client_031"", ""client_025"", ""client_002"", ""client_011"", ""client_027"", ""client_003"", ""client_033""]","[0, 1, 2, 3]","[0, 1, 2, 3]",2,"{""0"": 2, ""1"": 2, ""2"": 2, ""3"": 2}",effective
146,146,1.17569899559021,1.17569899559021,1.17569899559021,0.12321507930755615,0.12321507930755615,3.8590221405029297,3.8590221405029297,1.3331634998321533,1.3331634998321533,0.12321507930755615,0.3859022259712219,0.6665817499160767,0.96875,0.96875,0.9501683501683501,0.9501683501683501,0.9672453703703704,8,64,1.0,64,64.0,"[0, 1, 2, 3, 4, 5, 6, 7, 8, 9, 10, 11]","[[0, 1, 2, 3, 4, 5, 6, 7, 8, 9, 10, 11]]",1.0,0,0,0,1.0,1,1,1,0,1.0,1.0,1.0,0.999812382739212,0.6473361081443727,2.37922203540802,215.87555410919595,mmbind_weighted_contrastive,1.0,"[""client_031"", ""client_028"", ""client_008"", ""client_027"", ""client_009"", ""client_032"", ""client_012"", ""client_016""]","[0, 1, 2, 3]","[0, 1, 2, 3]",2,"{""0"": 2, ""1"": 2, ""2"": 2, ""3"": 2}",effective
147,147,1.3273282051086426,1.3273282051086426,1.3273282051086426,0.2655555307865143,0.2655555307865143,3.771505117416382,3.771505117416382,1.3692444562911987,1.3692444562911987,0.2655555307865143,0.3771505057811737,0.6846222281455994,0.90625,0.90625,0.8926113360323885,0.8926113360323885,0.9049827091767882,8,64,1.0,64,64.0,"[0, 1, 2, 3, 4, 5, 6, 7, 8, 9, 10, 11]","[[0, 1, 2, 3, 4, 5, 6, 7, 8, 9, 10, 11]]",1.0,0,0,0,1.0,1,1,1,0,1.0,1.0,1.0,0.9997224149895906,0.6913944422267377,2.3313202559947968,211.4430002651061,mmbind_weighted_contrastive,1.0,"[""client_021"", ""client_017"", ""client_039"", ""client_004"", ""client_036"", ""client_006"", ""client_029"", ""client_014""]","[0, 1, 2, 3]","[0, 1, 2, 3]",2,"{""0"": 2, ""1"": 2, ""2"": 2, ""3"": 2}",effective
148,148,1.233901858329773,1.233901858329773,1.233901858329773,0.1531088948249817,0.1531088948249817,3.8693149089813232,3.8693149089813232,1.3877229690551758,1.3877229690551758,0.1531088948249817,0.38693150877952576,0.6938614845275879,0.984375,0.984375,0.9666666666666667,0.9666666666666667,0.9864583333333333,8,64,1.0,64,64.0,"[0, 1, 2, 3, 4, 5, 6, 7, 8, 9, 10, 11]","[[0, 1, 2, 3, 4, 5, 6, 7, 8, 9, 10, 11]]",1.0,0,0,0,1.0,1,1,1,0,1.0,1.0,1.0,0.9997261524418074,0.6597894467413425,2.3335816264152527,214.06205358848092,mmbind_weighted_contrastive,1.0,"[""client_019"", ""client_000"", ""client_018"", ""client_025"", ""client_034"", ""client_005"", ""client_024"", ""client_037""]","[0, 1, 2, 3]","[0, 1, 2, 3]",2,"{""0"": 2, ""1"": 2, ""2"": 2, ""3"": 2}",effective
149,149,1.1390728950500488,1.1390728950500488,1.1390728950500488,0.15507028996944427,0.15507028996944427,3.6740856170654297,3.6740856170654297,1.2331880331039429,1.2331880331039429,0.15507028996944427,0.3674085736274719,0.6165940165519714,0.9375,0.9375,0.8659214348869521,0.8659214348869521,0.9370914645699128,8,64,1.0,64,64.0,"[0, 1, 2, 3, 4, 5, 6, 7, 8, 9, 10, 11]","[[0, 1, 2, 3, 4, 5, 6, 7, 8, 9, 10, 11]]",1.0,0,0,0,1.0,1,1,1,0,1.0,1.0,1.0,0.9998198603918036,0.7151608690619469,2.30936199426651,207.36086729425006,mmbind_weighted_contrastive,1.0,"[""client_007"", ""client_003"", ""client_013"", ""client_030"", ""client_015"", ""client_023"", ""client_026"", ""client_035""]","[0, 1, 2, 3]","[0, 1, 2, 3]",2,"{""0"": 2, ""1"": 2, ""2"": 2, ""3"": 2}",effective
150,150,1.1596112251281738,1.1596112251281738,1.1596112251281738,0.13879403471946716,0.13879403471946716,3.831580877304077,3.831580877304077,1.2753180265426636,1.2753180265426636,0.13879403471946716,0.3831580877304077,0.6376590132713318,0.96875,0.96875,0.8740740740740741,0.8740740740740741,0.9631944444444444,8,64,1.0,64,64.0,"[0, 1, 2, 3, 4, 5, 6, 7, 8, 9, 10, 11]","[[0, 1, 2, 3, 4, 5, 6, 7, 8, 9, 10, 11]]",1.0,0,0,0,1.0,1,1,1,0,1.0,1.0,1.0,1.0,0.6707949237897992,2.3152906596660614,214.48774938622955,mmbind_weighted_contrastive,1.0,"[""client_033"", ""client_001"", ""client_022"", ""client_010"", ""client_011"", ""client_038"", ""client_002"", ""client_020""]","[0, 1, 2, 3]","[0, 1, 2, 3]",2,"{""0"": 2, ""1"": 2, ""2"": 2, ""3"": 2}",effective
151,151,1.1739616394042969,1.1739616394042969,1.1739616394042969,0.14768382906913757,0.14768382906913757,3.7261533737182617,3.7261533737182617,1.307324767112732,1.307324767112732,0.14768382906913757,0.37261533737182617,0.653662383556366,0.9375,0.9375,0.9191919191919193,0.9191919191919193,0.923611111111111,8,64,1.0,64,64.0,"[0, 1, 2, 3, 4, 5, 6, 7, 8, 9, 10, 11]","[[0, 1, 2, 3, 4, 5, 6, 7, 8, 9, 10, 11]]",1.0,0,0,0,1.0,1,1,1,0,1.0,1.0,1.0,0.9998245998684498,0.6910624750889838,2.2553431689739227,205.970350671676,mmbind_weighted_contrastive,1.0,"[""client_008"", ""client_024"", ""client_030"", ""client_028"", ""client_032"", ""client_007"", ""client_017"", ""client_015""]","[0, 1, 2, 3]","[0, 1, 2, 3]",2,"{""0"": 2, ""1"": 2, ""2"": 2, ""3"": 2}",effective
152,152,1.178870439529419,1.178870439529419,1.178870439529419,0.1844881772994995,0.1844881772994995,3.764972448348999,3.764972448348999,1.2357698678970337,1.2357698678970337,0.1844881772994995,0.3764972388744354,0.6178849339485168,0.90625,0.90625,0.8926767676767676,0.8926767676767676,0.9031723484848484,8,64,1.0,64,64.0,"[0, 1, 2, 3, 4, 5, 6, 7, 8, 9, 10, 11]","[[0, 1, 2, 3, 4, 5, 6, 7, 8, 9, 10, 11]]",1.0,0,0,0,1.0,1,1,1,0,1.0,1.0,1.0,0.9997403721332756,0.6708000628277659,2.1157408952713013,206.94287689981866,mmbind_weighted_contrastive,1.0,"[""client_014"", ""client_029"", ""client_033"", ""client_021"", ""client_019"", ""client_004"", ""client_005"", ""client_034""]","[0, 1, 2, 3]","[0, 1, 2, 3]",2,"{""0"": 2, ""1"": 2, ""2"": 2, ""3"": 2}",effective
153,153,1.0275615453720093,1.0275615453720093,1.0275615453720093,0.05037692189216614,0.05037692189216614,3.708801031112671,3.708801031112671,1.212609052658081,1.212609052658081,0.05037692189216614,0.3708800971508026,0.6063045263290405,1.0,1.0,1.0,1.0,1.0,8,64,1.0,64,64.0,"[0, 1, 2, 3, 4, 5, 6, 7, 8, 9, 10, 11]","[[0, 1, 2, 3, 4, 5, 6, 7, 8, 9, 10, 11]]",1.0,0,0,0,1.0,1,1,1,0,1.0,1.0,1.0,0.9997437540038437,0.6549044959247112,2.144967883825302,214.95321079264977,mmbind_weighted_contrastive,1.0,"[""client_009"", ""client_018"", ""client_038"", ""client_037"", ""client_002"", ""client_025"", ""client_012"", ""client_022""]","[0, 1, 2, 3]","[0, 1, 2, 3]",2,"{""0"": 2, ""1"": 2, ""2"": 2, ""3"": 2}",effective
154,154,1.3748173713684082,1.3748173713684082,1.3748173713684082,0.2990429103374481,0.2990429103374481,3.8056342601776123,3.8056342601776123,1.3904222249984741,1.3904222249984741,0.2990429103374481,0.3805634379386902,0.6952111124992371,0.890625,0.890625,0.8500000000000001,0.8500000000000001,0.8892361111111112,8,64,1.0,64,64.0,"[0, 1, 2, 3, 4, 5, 6, 7, 8, 9, 10, 11]","[[0, 1, 2, 3, 4, 5, 6, 7, 8, 9, 10, 11]]",1.0,0,0,0,1.0,1,1,1,0,1.0,1.0,1.0,0.999831365935919,0.6443516118451953,1.9855941236019135,206.1257477196341,mmbind_weighted_contrastive,1.0,"[""client_010"", ""client_016"", ""client_003"", ""client_031"", ""client_026"", ""client_027"", ""client_036"", ""client_000""]","[0, 1, 2, 3]","[0, 1, 2, 3]",2,"{""0"": 2, ""1"": 2, ""2"": 2, ""3"": 2}",effective
155,155,1.0878245830535889,1.0878245830535889,1.0878245830535889,0.1225685253739357,0.1225685253739357,3.719578742980957,3.719578742980957,1.186596393585205,1.186596393585205,0.1225685253739357,0.3719578683376312,0.5932981967926025,0.953125,0.953125,0.9137254901960785,0.9137254901960785,0.9431985294117647,8,64,1.0,64,64.0,"[0, 1, 2, 3, 4, 5, 6, 7, 8, 9, 10, 11]","[[0, 1, 2, 3, 4, 5, 6, 7, 8, 9, 10, 11]]",1.0,0,0,0,1.0,1,1,1,0,1.0,1.0,1.0,1.0,0.6419960958883166,1.9974952340126038,214.6731776400411,mmbind_weighted_contrastive,1.0,"[""client_035"", ""client_023"", ""client_011"", ""client_020"", ""client_006"", ""client_001"", ""client_013"", ""client_039""]","[0, 1, 2, 3]","[0, 1, 2, 3]",2,"{""0"": 2, ""1"": 2, ""2"": 2, ""3"": 2}",effective
156,156,1.1536839008331299,1.1536839008331299,1.1536839008331299,0.14297950267791748,0.14297950267791748,3.7494752407073975,3.7494752407073975,1.27151358127594,1.27151358127594,0.14297950267791748,0.37494751811027527,0.63575679063797,0.9375,0.9375,0.9513888888888888,0.9513888888888888,0.9401041666666666,8,64,1.0,64,64.0,"[0, 1, 2, 3, 4, 5, 6, 7, 8, 9, 10, 11]","[[0, 1, 2, 3, 4, 5, 6, 7, 8, 9, 10, 11]]",1.0,0,0,0,1.0,1,1,1,0,1.0,1.0,1.0,0.9998356614626129,0.6467251991853118,2.0643586218357086,200.0518779871054,mmbind_weighted_contrastive,1.0,"[""client_010"", ""client_026"", ""client_030"", ""client_004"", ""client_005"", ""client_022"", ""client_038"", ""client_019""]","[0, 1, 2, 3]","[0, 1, 2, 3]",2,"{""0"": 2, ""1"": 2, ""2"": 2, ""3"": 2}",effective
157,157,1.1340711116790771,1.1340711116790771,1.1340711116790771,0.14571163058280945,0.14571163058280945,3.7331924438476562,3.7331924438476562,1.2300806045532227,1.2300806045532227,0.14571163058280945,0.37331923842430115,0.6150403022766113,0.921875,0.921875,0.9245421245421245,0.9245421245421245,0.9177884615384615,8,64,1.0,64,64.0,"[0, 1, 2, 3, 4, 5, 6, 7, 8, 9, 10, 11]","[[0, 1, 2, 3, 4, 5, 6, 7, 8, 9, 10, 11]]",1.0,0,0,0,1.0,1,1,1,0,1.0,1.0,1.0,0.9997566416548368,0.6353077488020062,2.0659711360931396,202.87081080739154,mmbind_weighted_contrastive,1.0,"[""client_014"", ""client_032"", ""client_029"", ""client_009"", ""client_008"", ""client_017"", ""client_033"", ""client_020""]","[0, 1, 2, 3]","[0, 1, 2, 3]",2,"{""0"": 2, ""1"": 2, ""2"": 2, ""3"": 2}",effective
158,158,1.2160460948944092,1.2160460948944092,1.2160460948944092,0.20899558067321777,0.20899558067321777,3.781248092651367,3.781248092651367,1.2578513622283936,1.2578513622283936,0.20899558067321777,0.37812480330467224,0.6289256811141968,0.921875,0.921875,0.8480489417989419,0.8480489417989419,0.908234126984127,8,64,1.0,64,64.0,"[0, 1, 2, 3, 4, 5, 6, 7, 8, 9, 10, 11]","[[0, 1, 2, 3, 4, 5, 6, 7, 8, 9, 10, 11]]",1.0,0,0,0,1.0,1,1,1,0,1.0,1.0,1.0,0.9997597116539848,0.6501523368060589,2.0518579185009003,203.77355635014828,mmbind_weighted_contrastive,1.0,"[""client_023"", ""client_006"", ""client_018"", ""client_036"", ""client_016"", ""client_000"", ""client_025"", ""client_035""]","[0, 1, 2, 3]","[0, 1, 2, 3]",2,"{""0"": 2, ""1"": 2, ""2"": 2, ""3"": 2}",effective
159,159,1.0771790742874146,1.0771790742874146,1.0771790742874146,0.09962323307991028,0.09962323307991028,3.7142794132232666,3.7142794132232666,1.2122557163238525,1.2122557163238525,0.09962323307991028,0.3714279532432556,0.6061278581619263,0.96875,0.96875,0.9795454545454546,0.9795454545454546,0.969140625,8,64,1.0,64,64.0,"[0, 1, 2, 3, 4, 5, 6, 7, 8, 9, 10, 11]","[[0, 1, 2, 3, 4, 5, 6, 7, 8, 9, 10, 11]]",1.0,0,0,0,1.0,1,1,1,0,1.0,1.0,1.0,0.9998418034407751,0.6461806977167726,2.1096068620681763,213.36660750419833,mmbind_weighted_contrastive,1.0,"[""client_037"", ""client_011"", ""client_027"", ""client_002"", ""client_034"", ""client_001"", ""client_021"", ""client_012""]","[0, 1, 2, 3]","[0, 1, 2, 3]",2,"{""0"": 2, ""1"": 2, ""2"": 2, ""3"": 2}",effective
160,160,1.0871553421020508,1.0871553421020508,1.0871553421020508,0.12457901239395142,0.12457901239395142,3.6861588954925537,3.6861588954925537,1.1879208087921143,1.1879208087921143,0.12457901239395142,0.36861589550971985,0.5939604043960571,0.984375,0.984375,0.9899665551839466,0.9899665551839466,0.9846362876254181,8,64,1.0,64,64.0,"[0, 1, 2, 3, 4, 5, 6, 7, 8, 9, 10, 11]","[[0, 1, 2, 3, 4, 5, 6, 7, 8, 9, 10, 11]]",1.0,0,0,0,1.0,1,1,1,0,1.0,1.0,1.0,1.0,0.6621888992376626,2.1679162979125977,210.16967464250047,mmbind_weighted_contrastive,1.0,"[""client_024"", ""client_028"", ""client_039"", ""client_013"", ""client_015"", ""client_003"", ""client_031"", ""client_007""]","[0, 1, 2, 3]","[0, 1, 2, 3]",2,"{""0"": 2, ""1"": 2, ""2"": 2, ""3"": 2}",effective
161,161,1.195446491241455,1.195446491241455,1.195446491241455,0.18587026000022888,0.18587026000022888,3.6732027530670166,3.6732027530670166,1.2845120429992676,1.2845120429992676,0.18587026000022888,0.3673202693462372,0.6422560214996338,0.9375,0.9375,0.9553571428571428,0.9553571428571428,0.9369419642857143,8,64,1.0,64,64.0,"[0, 1, 2, 3, 4, 5, 6, 7, 8, 9, 10, 11]","[[0, 1, 2, 3, 4, 5, 6, 7, 8, 9, 10, 11]]",1.0,0,0,0,1.0,1,1,1,0,1.0,1.0,1.0,0.9998457087753134,0.6371109541505575,2.1333037316799164,194.77085471400642,mmbind_weighted_contrastive,1.0,"[""client_012"", ""client_028"", ""client_004"", ""client_036"", ""client_026"", ""client_033"", ""client_013"", ""client_005""]","[0, 1, 2, 3]","[0, 1, 2, 3]",2,"{""0"": 2, ""1"": 2, ""2"": 2, ""3"": 2}",effective
162,162,1.1448904275894165,1.1448904275894165,1.1448904275894165,0.13586226105690002,0.13586226105690002,3.8491621017456055,3.8491621017456055,1.248223900794983,1.248223900794983,0.13586226105690002,0.384916216135025,0.6241119503974915,0.953125,0.953125,0.9514918414918415,0.9514918414918415,0.9547155448717949,8,64,1.0,64,64.0,"[0, 1, 2, 3, 4, 5, 6, 7, 8, 9, 10, 11]","[[0, 1, 2, 3, 4, 5, 6, 7, 8, 9, 10, 11]]",1.0,0,0,0,1.0,1,1,1,0,1.0,1.0,1.0,0.9997714285714285,0.641477782279253,2.100465804338455,205.78381636182894,mmbind_weighted_contrastive,1.0,"[""client_039"", ""client_000"", ""client_003"", ""client_011"", ""client_017"", ""client_024"", ""client_037"", ""client_025""]","[0, 1, 2, 3]","[0, 1, 2, 3]",2,"{""0"": 2, ""1"": 2, ""2"": 2, ""3"": 2}",effective
163,163,1.0702359676361084,1.0702359676361084,1.0702359676361084,0.08076132088899612,0.08076132088899612,3.8457727432250977,3.8457727432250977,1.2097947597503662,1.2097947597503662,0.08076132088899612,0.38457727432250977,0.6048973798751831,0.96875,0.96875,0.8958333333333334,0.8958333333333334,0.98046875,8,64,1.0,64,64.0,"[0, 1, 2, 3, 4, 5, 6, 7, 8, 9, 10, 11]","[[0, 1, 2, 3, 4, 5, 6, 7, 8, 9, 10, 11]]",1.0,0,0,0,1.0,1,1,1,0,1.0,1.0,1.0,0.9997742238946378,0.6480912468396127,2.117930144071579,205.2485836451524,mmbind_weighted_contrastive,1.0,"[""client_019"", ""client_022"", ""client_032"", ""client_006"", ""client_020"", ""client_014"", ""client_035"", ""client_008""]","[0, 1, 2, 3]","[0, 1, 2, 3]",2,"{""0"": 2, ""1"": 2, ""2"": 2, ""3"": 2}",effective
164,164,1.1094759702682495,1.1094759702682495,1.1094759702682495,0.10118093341588974,0.10118093341588974,3.8564937114715576,3.8564937114715576,1.2452913522720337,1.2452913522720337,0.10118093341588974,0.3856493830680847,0.6226456761360168,0.96875,0.96875,0.9553544494720967,0.9553544494720967,0.9686085972850679,8,64,1.0,64,64.0,"[0, 1, 2, 3, 4, 5, 6, 7, 8, 9, 10, 11]","[[0, 1, 2, 3, 4, 5, 6, 7, 8, 9, 10, 11]]",1.0,0,0,0,1.0,1,1,1,0,1.0,1.0,1.0,0.9998513011152417,0.6436751047149301,2.0832877457141876,209.01631835763692,mmbind_weighted_contrastive,1.0,"[""client_007"", ""client_023"", ""client_038"", ""client_018"", ""client_001"", ""client_027"", ""client_034"", ""client_016""]","[0, 1, 2, 3]","[0, 1, 2, 3]",2,"{""0"": 2, ""1"": 2, ""2"": 2, ""3"": 2}",effective
165,165,1.1049463748931885,1.1049463748931885,1.1049463748931885,0.10524997860193253,0.10524997860193253,3.7804148197174072,3.7804148197174072,1.243309736251831,1.243309736251831,0.10524997860193253,0.37804147601127625,0.6216548681259155,0.96875,0.96875,0.9699074074074074,0.9699074074074074,0.9709201388888888,8,64,1.0,64,64.0,"[0, 1, 2, 3, 4, 5, 6, 7, 8, 9, 10, 11]","[[0, 1, 2, 3, 4, 5, 6, 7, 8, 9, 10, 11]]",1.0,0,0,0,1.0,1,1,1,0,1.0,1.0,1.0,1.0,0.7352341860532761,2.109015941619873,205.0919260904775,mmbind_weighted_contrastive,1.0,"[""client_021"", ""client_031"", ""client_009"", ""client_010"", ""client_030"", ""client_029"", ""client_002"", ""client_015""]","[0, 1, 2, 3]","[0, 1, 2, 3]",2,"{""0"": 2, ""1"": 2, ""2"": 2, ""3"": 2}",effective
166,166,1.121000051498413,1.121000051498413,1.121000051498413,0.17201034724712372,0.17201034724712372,3.713442802429199,3.713442802429199,1.155290961265564,1.155290961265564,0.17201034724712372,0.37134429812431335,0.577645480632782,0.953125,0.953125,0.9436507936507937,0.9436507936507937,0.955654761904762,8,64,1.0,64,64.0,"[0, 1, 2, 3, 4, 5, 6, 7, 8, 9, 10, 11]","[[0, 1, 2, 3, 4, 5, 6, 7, 8, 9, 10, 11]]",1.0,0,0,0,1.0,1,1,1,0,1.0,1.0,1.0,0.9998548621190131,0.6985823907889426,2.1114963591098785,194.1583240107575,mmbind_weighted_contrastive,1.0,"[""client_026"", ""client_036"", ""client_022"", ""client_001"", ""client_005"", ""client_011"", ""client_015"", ""client_030""]","[0, 1, 2, 3]","[0, 1, 2, 3]",2,"{""0"": 2, ""1"": 2, ""2"": 2, ""3"": 2}",effective
167,167,1.1075162887573242,1.1075162887573242,1.1075162887573242,0.13341334462165833,0.13341334462165833,3.783060073852539,3.783060073852539,1.1915937662124634,1.1915937662124634,0.13341334462165833,0.37830600142478943,0.5957968831062317,0.953125,0.953125,0.8805194805194806,0.8805194805194806,0.9402191558441559,8,64,1.0,64,64.0,"[0, 1, 2, 3, 4, 5, 6, 7, 8, 9, 10, 11]","[[0, 1, 2, 3, 4, 5, 6, 7, 8, 9, 10, 11]]",1.0,0,0,0,1.0,1,1,1,0,1.0,1.0,1.0,0.9997849076895501,0.6688311197794974,2.0436272621154785,203.96486211163574,mmbind_weighted_contrastive,1.0,"[""client_000"", ""client_034"", ""client_025"", ""client_007"", ""client_023"", ""client_038"", ""client_014"", ""client_012""]","[0, 1, 2, 3]","[0, 1, 2, 3]",2,"{""0"": 2, ""1"": 2, ""2"": 2, ""3"": 2}",effective
168,168,1.008891224861145,1.008891224861145,1.008891224861145,0.07705385982990265,0.07705385982990265,3.7063496112823486,3.7063496112823486,1.1224048137664795,1.1224048137664795,0.07705385982990265,0.3706349730491638,0.5612024068832397,0.984375,0.984375,0.990323402088108,0.990323402088108,0.9842874649859944,8,64,1.0,64,64.0,"[0, 1, 2, 3, 4, 5, 6, 7, 8, 9, 10, 11]","[[0, 1, 2, 3, 4, 5, 6, 7, 8, 9, 10, 11]]",1.0,0,0,0,1.0,1,1,1,0,1.0,1.0,1.0,0.999787460148778,0.7024072650820017,2.083058387041092,210.0583494407765,mmbind_weighted_contrastive,1.0,"[""client_006"", ""client_013"", ""client_003"", ""client_016"", ""client_039"", ""client_027"", ""client_031"", ""client_028""]","[0, 1, 2, 3]","[0, 1, 2, 3]",2,"{""0"": 2, ""1"": 2, ""2"": 2, ""3"": 2}",effective
169,169,1.0886156558990479,1.0886156558990479,1.0886156558990479,0.11117728799581528,0.11117728799581528,3.816284418106079,3.816284418106079,1.191619873046875,1.191619873046875,0.11117728799581528,0.38162845373153687,0.5958099365234375,0.984375,0.984375,0.9090909090909091,0.9090909090909091,0.9772727272727273,8,64,1.0,64,64.0,"[0, 1, 2, 3, 4, 5, 6, 7, 8, 9, 10, 11]","[[0, 1, 2, 3, 4, 5, 6, 7, 8, 9, 10, 11]]",1.0,0,0,0,1.0,1,1,1,0,1.0,1.0,1.0,0.9998599684929109,0.6392916133627295,2.075701206922531,202.2837866806076,mmbind_weighted_contrastive,1.0,"[""client_020"", ""client_008"", ""client_002"", ""client_024"", ""client_017"", ""client_018"", ""client_033"", ""client_035""]","[0, 1, 2, 3]","[0, 1, 2, 3]",2,"{""0"": 2, ""1"": 2, ""2"": 2, ""3"": 2}",effective
170,170,1.0534285306930542,1.0534285306930542,1.0534285306930542,0.09474819153547287,0.09474819153547287,3.646667718887329,3.646667718887329,1.1880271434783936,1.1880271434783936,0.09474819153547287,0.36466678977012634,0.5940135717391968,0.96875,0.96875,0.9725371120107963,0.9725371120107963,0.9695217611336032,8,64,1.0,64,64.0,"[0, 1, 2, 3, 4, 5, 6, 7, 8, 9, 10, 11]","[[0, 1, 2, 3, 4, 5, 6, 7, 8, 9, 10, 11]]",1.0,0,0,0,1.0,1,1,1,0,1.0,1.0,1.0,1.0,0.639757692348212,2.132633537054062,199.43850980111165,mmbind_weighted_contrastive,1.0,"[""client_009"", ""client_010"", ""client_004"", ""client_032"", ""client_037"", ""client_021"", ""client_029"", ""client_019""]","[0, 1, 2, 3]","[0, 1, 2, 3]",2,"{""0"": 2, ""1"": 2, ""2"": 2, ""3"": 2}",effective
171,171,1.1081268787384033,1.1081268787384033,1.1081268787384033,0.11971889436244965,0.11971889436244965,3.7887744903564453,3.7887744903564453,1.2190611362457275,1.2190611362457275,0.11971889436244965,0.3788774609565735,0.6095305681228638,0.9375,0.9375,0.9333333333333335,0.9333333333333335,0.9354166666666668,8,64,1.0,64,64.0,"[0, 1, 2, 3, 4, 5, 6, 7, 8, 9, 10, 11]","[[0, 1, 2, 3, 4, 5, 6, 7, 8, 9, 10, 11]]",1.0,0,0,0,1.0,1,1,1,0,1.0,1.0,1.0,0.9998632244828176,0.6409209496341646,2.0569383203983307,199.38271550738136,mmbind_weighted_contrastive,1.0,"[""client_018"", ""client_020"", ""client_036"", ""client_037"", ""client_005"", ""client_024"", ""client_016"", ""client_003""]","[0, 1, 2, 3]","[0, 1, 2, 3]",2,"{""0"": 2, ""1"": 2, ""2"": 2, ""3"": 2}",effective
172,172,1.0256450176239014,1.0256450176239014,1.0256450176239014,0.08149413019418716,0.08149413019418716,3.807389497756958,3.807389497756958,1.126823902130127,1.126823902130127,0.08149413019418716,0.3807389438152313,0.5634119510650635,0.984375,0.984375,0.9814814814814815,0.9814814814814815,0.984375,8,64,1.0,64,64.0,"[0, 1, 2, 3, 4, 5, 6, 7, 8, 9, 10, 11]","[[0, 1, 2, 3, 4, 5, 6, 7, 8, 9, 10, 11]]",1.0,0,0,0,1.0,1,1,1,0,1.0,1.0,1.0,0.9997972287935113,0.6416813540272415,2.010477691888809,202.50007791165262,mmbind_weighted_contrastive,1.0,"[""client_017"", ""client_022"", ""client_034"", ""client_025"", ""client_033"", ""client_001"", ""client_015"", ""client_008""]","[0, 1, 2, 3]","[0, 1, 2, 3]",2,"{""0"": 2, ""1"": 2, ""2"": 2, ""3"": 2}",effective
173,173,1.1130273342132568,1.1130273342132568,1.1130273342132568,0.1488850712776184,0.1488850712776184,3.627790689468384,3.627790689468384,1.2027264833450317,1.2027264833450317,0.1488850712776184,0.36277908086776733,0.6013632416725159,0.953125,0.953125,0.9517037786774628,0.9517037786774628,0.9542763157894737,8,64,1.0,64,64.0,"[0, 1, 2, 3, 4, 5, 6, 7, 8, 9, 10, 11]","[[0, 1, 2, 3, 4, 5, 6, 7, 8, 9, 10, 11]]",1.0,0,0,0,1.0,1,1,1,0,1.0,1.0,1.0,0.9997995657257391,0.6520118303596973,1.9856211841106415,199.99235673929797,mmbind_weighted_contrastive,1.0,"[""client_026"", ""client_031"", ""client_006"", ""client_023"", ""client_019"", ""client_002"", ""client_030"", ""client_013""]","[0, 1, 2, 3]","[0, 1, 2, 3]",2,"{""0"": 2, ""1"": 2, ""2"": 2, ""3"": 2}",effective
174,174,1.0936996936798096,1.0936996936798096,1.0936996936798096,0.13110102713108063,0.13110102713108063,3.7289493083953857,3.7289493083953857,1.1794075965881348,1.1794075965881348,0.13110102713108063,0.37289494276046753,0.5897037982940674,0.953125,0.953125,0.9646669120353331,0.9646669120353331,0.9525556680161944,8,64,1.0,64,64.0,"[0, 1, 2, 3, 4, 5, 6, 7, 8, 9, 10]","[[0, 1, 2, 3, 4, 5, 6, 7, 8, 9, 10]]",1.0,0,0,0,1.0,1,1,1,0,1.0,1.0,1.0,0.9998678996036988,0.6510334378108382,1.9340518116950989,193.00528720169677,mmbind_weighted_contrastive,1.0,"[""client_028"", ""client_009"", ""client_029"", ""client_032"", ""client_035"", ""client_004"", ""client_011"", ""client_014""]","[0, 1, 2, 3]","[0, 1, 2, 3]",2,"{""0"": 2, ""1"": 2, ""2"": 2, ""3"": 2}",effective
175,175,1.0953789949417114,1.0953789949417114,1.0953789949417114,0.1129072904586792,0.1129072904586792,3.777697801589966,3.777697801589966,1.2094037532806396,1.2094037532806396,0.1129072904586792,0.37776979804039,0.6047018766403198,0.96875,0.96875,0.9711991711991712,0.9711991711991712,0.9685120435120435,8,64,1.0,64,64.0,"[0, 1, 2, 3, 4, 5, 6, 7, 8, 9, 10, 11]","[[0, 1, 2, 3, 4, 5, 6, 7, 8, 9, 10, 11]]",1.0,0,0,0,1.0,1,1,1,0,1.0,1.0,1.0,1.0,0.6581518738530576,1.8342407643795013,206.45467051345622,mmbind_weighted_contrastive,1.0,"[""client_039"", ""client_007"", ""client_000"", ""client_038"", ""client_010"", ""client_021"", ""client_027"", ""client_012""]","[0, 1, 2, 3]","[0, 1, 2, 3]",2,"{""0"": 2, ""1"": 2, ""2"": 2, ""3"": 2}",effective
176,176,1.1400375366210938,1.1400375366210938,1.1400375366210938,0.15348292887210846,0.15348292887210846,3.7218408584594727,3.7218408584594727,1.228740930557251,1.228740930557251,0.15348292887210846,0.3721840977668762,0.6143704652786255,0.9375,0.9375,0.9375,0.9375,0.9453125,8,64,1.0,64,64.0,"[0, 1, 2, 3, 4, 5, 6, 7, 8, 9, 10, 11]","[[0, 1, 2, 3, 4, 5, 6, 7, 8, 9, 10, 11]]",1.0,0,0,0,1.0,1,1,1,0,1.0,1.0,1.0,0.9998708844415752,0.6691971500404179,1.7421232759952545,200.04162823272054,mmbind_weighted_contrastive,1.0,"[""client_015"", ""client_018"", ""client_003"", ""client_038"", ""client_028"", ""client_039"", ""client_001"", ""client_025""]","[0, 1, 2, 3]","[0, 1, 2, 3]",2,"{""0"": 2, ""1"": 2, ""2"": 2, ""3"": 2}",effective
177,177,0.9971394538879395,0.9971394538879395,0.9971394538879395,0.07191348075866699,0.07191348075866699,3.6790285110473633,3.6790285110473633,1.114646315574646,1.114646315574646,0.07191348075866699,0.36790284514427185,0.557323157787323,0.96875,0.96875,0.9479797979797979,0.9479797979797979,0.9685606060606061,8,64,1.0,64,64.0,"[0, 1, 2, 3, 4, 5, 6, 7, 8, 9, 10, 11]","[[0, 1, 2, 3, 4, 5, 6, 7, 8, 9, 10, 11]]",1.0,0,0,0,1.0,1,1,1,0,1.0,1.0,1.0,0.9998085208233605,0.6613005413673818,1.7275106310844421,201.45093819257454,mmbind_weighted_contrastive,1.0,"[""client_017"", ""client_013"", ""client_037"", ""client_008"", ""client_023"", ""client_024"", ""client_007"", ""client_033""]","[0, 1, 2, 3]","[0, 1, 2, 3]",2,"{""0"": 2, ""1"": 2, ""2"": 2, ""3"": 2}",effective
178,178,1.0707777738571167,1.0707777738571167,1.0707777738571167,0.10637284070253372,0.10637284070253372,3.7089040279388428,3.7089040279388428,1.1870291233062744,1.1870291233062744,0.10637284070253372,0.37089040875434875,0.5935145616531372,0.953125,0.953125,0.9298433048433049,0.9298433048433049,0.9498530982905983,8,64,1.0,64,64.0,"[0, 1, 2, 3, 4, 5, 6, 7, 8, 9, 10, 11]","[[0, 1, 2, 3, 4, 5, 6, 7, 8, 9, 10, 11]]",1.0,0,0,0,1.0,1,1,1,0,1.0,1.0,1.0,0.9998106658251814,0.6585460607893765,1.7503701448440552,193.64103270150372,mmbind_weighted_contrastive,1.0,"[""client_031"", ""client_010"", ""client_026"", ""client_027"", ""client_016"", ""client_032"", ""client_005"", ""client_004""]","[0, 1, 2, 3]","[0, 1, 2, 3]",2,"{""0"": 2, ""1"": 2, ""2"": 2, ""3"": 2}",effective
179,179,1.1095366477966309,1.1095366477966309,1.1095366477966309,0.16949762403964996,0.16949762403964996,3.7400429248809814,3.7400429248809814,1.13206946849823,1.13206946849823,0.16949762403964996,0.3740043044090271,0.566034734249115,0.953125,0.953125,0.9483387799564271,0.9483387799564271,0.9543147467320261,8,64,1.0,64,64.0,"[0, 1, 2, 3, 4, 5, 6, 7, 8, 9, 10, 11]","[[0, 1, 2, 3, 4, 5, 6, 7, 8, 9, 10, 11]]",1.0,0,0,0,1.0,1,1,1,0,1.0,1.0,1.0,0.9998751755344047,0.6476800362579525,1.6726284623146057,199.98060380344396,mmbind_weighted_contrastive,1.0,"[""client_006"", ""client_030"", ""client_034"", ""client_019"", ""client_021"", ""client_009"", ""client_012"", ""client_022""]","[0, 1, 2, 3]","[0, 1, 2, 3]",2,"{""0"": 2, ""1"": 2, ""2"": 2, ""3"": 2}",effective
180,180,1.023454189300537,1.023454189300537,1.023454189300537,0.046581532806158066,0.046581532806158066,3.8469316959381104,3.8469316959381104,1.184358835220337,1.184358835220337,0.046581532806158066,0.3846931755542755,0.5921794176101685,0.984375,0.984375,0.9740740740740742,0.9740740740740742,0.9850694444444444,8,64,1.0,64,64.0,"[0, 1, 2, 3, 4, 5, 6, 7, 8, 9, 10, 11]","[[0, 1, 2, 3, 4, 5, 6, 7, 8, 9, 10, 11]]",1.0,0,0,0,1.0,1,1,1,0,1.0,1.0,1.0,1.0,0.6525215110741556,1.658880591392517,196.74285952400533,mmbind_weighted_contrastive,1.0,"[""client_011"", ""client_014"", ""client_036"", ""client_002"", ""client_029"", ""client_020"", ""client_035"", ""client_000""]","[0, 1, 2, 3]","[0, 1, 2, 3]",2,"{""0"": 2, ""1"": 2, ""2"": 2, ""3"": 2}",effective
181,181,1.059755563735962,1.059755563735962,1.059755563735962,0.09646166861057281,0.09646166861057281,3.744687795639038,3.744687795639038,1.1776500940322876,1.1776500940322876,0.09646166861057281,0.37446877360343933,0.5888250470161438,0.96875,0.96875,0.9729166666666668,0.9729166666666668,0.96875,8,64,1.0,64,64.0,"[0, 1, 2, 3, 4, 5, 6, 7, 8, 9, 10, 11]","[[0, 1, 2, 3, 4, 5, 6, 7, 8, 9, 10, 11]]",1.0,0,0,0,1.0,1,1,1,0,1.0,1.0,1.0,0.9998779185106058,0.652034159284085,1.643712341785431,195.20266266705585,mmbind_weighted_contrastive,1.0,"[""client_038"", ""client_001"", ""client_027"", ""client_014"", ""client_029"", ""client_018"", ""client_030"", ""client_003""]","[0, 1, 2, 3]","[0, 1, 2, 3]",2,"{""0"": 2, ""1"": 2, ""2"": 2, ""3"": 2}",effective
182,182,1.0211706161499023,1.0211706161499023,1.0211706161499023,0.08313684165477753,0.08313684165477753,3.6787350177764893,3.6787350177764893,1.1403205394744873,1.1403205394744873,0.08313684165477753,0.36787351965904236,0.5701602697372437,0.9375,0.9375,0.922095238095238,0.922095238095238,0.9346726190476191,8,64,1.0,64,64.0,"[0, 1, 2, 3, 4, 5, 6, 7, 8, 9, 10, 11]","[[0, 1, 2, 3, 4, 5, 6, 7, 8, 9, 10, 11]]",1.0,0,0,0,1.0,1,1,1,0,1.0,1.0,1.0,0.9998188952610927,0.6501864180900156,1.6563718914985657,198.9743564350938,mmbind_weighted_contrastive,1.0,"[""client_036"", ""client_010"", ""client_020"", ""client_028"", ""client_000"", ""client_002"", ""client_031"", ""client_019""]","[0, 1, 2, 3]","[0, 1, 2, 3]",2,"{""0"": 2, ""1"": 2, ""2"": 2, ""3"": 2}",effective
183,183,1.0986655950546265,1.0986655950546265,1.0986655950546265,0.16787491738796234,0.16787491738796234,3.645758867263794,3.645758867263794,1.132429599761963,1.132429599761963,0.16787491738796234,0.36457589268684387,0.5662147998809814,0.921875,0.921875,0.9417804417804418,0.9417804417804418,0.9240022130647131,8,64,1.0,64,64.0,"[0, 1, 2, 3, 4, 5, 6, 7, 8, 9, 10, 11]","[[0, 1, 2, 3, 4, 5, 6, 7, 8, 9, 10, 11]]",1.0,0,0,0,1.0,1,1,1,0,1.0,1.0,1.0,0.999820868786386,0.6451349477283657,1.6100992560386658,189.362008961034,mmbind_weighted_contrastive,1.0,"[""client_017"", ""client_039"", ""client_013"", ""client_026"", ""client_035"", ""client_024"", ""client_008"", ""client_004""]","[0, 1, 2, 3]","[0, 1, 2, 3]",2,"{""0"": 2, ""1"": 2, ""2"": 2, ""3"": 2}",effective
184,184,1.0358812808990479,1.0358812808990479,1.0358812808990479,0.08851359039545059,0.08851359039545059,3.6678364276885986,3.6678364276885986,1.1611682176589966,1.1611682176589966,0.08851359039545059,0.36678364872932434,0.5805841088294983,0.96875,0.96875,0.9666889483065955,0.9666889483065955,0.9660135360962567,8,64,1.0,64,64.0,"[0, 1, 2, 3, 4, 5, 6, 7, 8, 9, 10, 11]","[[0, 1, 2, 3, 4, 5, 6, 7, 8, 9, 10, 11]]",1.0,0,0,0,1.0,1,1,1,0,1.0,1.0,1.0,0.9998818665091553,0.6498724282719195,1.6147433817386627,196.44102474144893,mmbind_weighted_contrastive,1.0,"[""client_037"", ""client_025"", ""client_009"", ""client_034"", ""client_016"", ""client_023"", ""client_005"", ""client_011""]","[0, 1, 2, 3]","[0, 1, 2, 3]",2,"{""0"": 2, ""1"": 2, ""2"": 2, ""3"": 2}",effective
185,185,1.0929620265960693,1.0929620265960693,1.0929620265960693,0.12030243128538132,0.12030243128538132,3.794037103652954,3.794037103652954,1.1865116357803345,1.1865116357803345,0.12030243128538132,0.3794037103652954,0.5932558178901672,0.9375,0.9375,0.9318753142282553,0.9318753142282553,0.9367694193061841,8,64,1.0,64,64.0,"[0, 1, 2, 3, 4, 5, 6, 7, 8, 9, 10, 11]","[[0, 1, 2, 3, 4, 5, 6, 7, 8, 9, 10, 11]]",1.0,0,0,0,1.0,1,1,1,0,1.0,1.0,1.0,1.0,0.6621323507279158,1.5908024311065674,196.41083971998887,mmbind_weighted_contrastive,1.0,"[""client_032"", ""client_012"", ""client_022"", ""client_015"", ""client_021"", ""client_007"", ""client_033"", ""client_006""]","[0, 1, 2, 3]","[0, 1, 2, 3]",2,"{""0"": 2, ""1"": 2, ""2"": 2, ""3"": 2}",effective
186,186,1.0357773303985596,1.0357773303985596,1.0357773303985596,0.10165266692638397,0.10165266692638397,3.6801044940948486,3.6801044940948486,1.1322282552719116,1.1322282552719116,0.10165266692638397,0.3680104613304138,0.5661141276359558,0.96875,0.96875,0.9714285714285715,0.9714285714285715,0.9696428571428571,8,64,1.0,64,64.0,"[0, 1, 2, 3, 4, 5, 6, 7, 8, 9, 10, 11]","[[0, 1, 2, 3, 4, 5, 6, 7, 8, 9, 10, 11]]",1.0,0,0,0,1.0,1,1,1,0,1.0,1.0,1.0,0.9998843930635838,0.6551965228281915,1.5787922143936157,190.0857399792876,mmbind_weighted_contrastive,1.0,"[""client_026"", ""client_021"", ""client_030"", ""client_012"", ""client_001"", ""client_038"", ""client_016"", ""client_004""]","[0, 1, 2, 3]","[0, 1, 2, 3]",2,"{""0"": 2, ""1"": 2, ""2"": 2, ""3"": 2}",effective
187,187,1.0112032890319824,1.0112032890319824,1.0112032890319824,0.028064250946044922,0.028064250946044922,3.796147584915161,3.796147584915161,1.2070485353469849,1.2070485353469849,0.028064250946044922,0.37961477041244507,0.6035242676734924,1.0,1.0,1.0,1.0,1.0,8,64,1.0,64,64.0,"[0, 1, 2, 3, 4, 5, 6, 7, 8, 9, 10, 11]","[[0, 1, 2, 3, 4, 5, 6, 7, 8, 9, 10, 11]]",1.0,0,0,0,1.0,1,1,1,0,1.0,1.0,1.0,0.9998284488920658,0.647422709967941,1.5585546493530273,198.72813247638987,mmbind_weighted_contrastive,1.0,"[""client_033"", ""client_000"", ""client_014"", ""client_031"", ""client_028"", ""client_009"", ""client_011"", ""client_024""]","[0, 1, 2, 3]","[0, 1, 2, 3]",2,"{""0"": 2, ""1"": 2, ""2"": 2, ""3"": 2}",effective
188,188,1.0041072368621826,1.0041072368621826,1.0041072368621826,0.06704037636518478,0.06704037636518478,3.728888750076294,3.728888750076294,1.128355860710144,1.128355860710144,0.06704037636518478,0.3728888928890228,0.564177930355072,0.984375,0.984375,0.9834710743801651,0.9834710743801651,0.984375,8,64,1.0,64,64.0,"[0, 1, 2, 3, 4, 5, 6, 7, 8, 9, 10, 11]","[[0, 1, 2, 3, 4, 5, 6, 7, 8, 9, 10, 11]]",1.0,0,0,0,1.0,1,1,1,0,1.0,1.0,1.0,0.9998302687411599,0.6472458243370056,1.5574588179588318,192.01248761356692,mmbind_weighted_contrastive,1.0,"[""client_002"", ""client_018"", ""client_035"", ""client_007"", ""client_027"", ""client_029"", ""client_034"", ""client_015""]","[0, 1, 2, 3]","[0, 1, 2, 3]",2,"{""0"": 2, ""1"": 2, ""2"": 2, ""3"": 2}",effective
189,189,0.9874860048294067,0.9874860048294067,0.9874860048294067,0.09216982871294022,0.09216982871294022,3.6279008388519287,3.6279008388519287,1.0650521516799927,1.0650521516799927,0.09216982871294022,0.3627900779247284,0.5325260758399963,0.984375,0.984375,0.9868686868686868,0.9868686868686868,0.984185606060606,8,64,1.0,64,64.0,"[0, 1, 2, 3, 4, 5, 6, 7, 8, 9, 10, 11]","[[0, 1, 2, 3, 4, 5, 6, 7, 8, 9, 10, 11]]",1.0,0,0,0,1.0,1,1,1,0,1.0,1.0,1.0,0.9998880335899231,0.6459419340826571,1.5609087646007538,193.604891619907,mmbind_weighted_contrastive,1.0,"[""client_013"", ""client_036"", ""client_023"", ""client_006"", ""client_010"", ""client_037"", ""client_022"", ""client_005""]","[0, 1, 2, 3]","[0, 1, 2, 3]",2,"{""0"": 2, ""1"": 2, ""2"": 2, ""3"": 2}",effective
190,190,0.9741009473800659,0.9741009473800659,0.9741009473800659,0.04991083964705467,0.04991083964705467,3.6969950199127197,3.6969950199127197,1.1089812517166138,1.1089812517166138,0.04991083964705467,0.36969950795173645,0.5544906258583069,0.984375,0.984375,0.9825396825396826,0.9825396825396826,0.9837797619047619,8,64,1.0,64,64.0,"[0, 1, 2, 3, 4, 5, 6, 7, 8, 9, 10, 11]","[[0, 1, 2, 3, 4, 5, 6, 7, 8, 9, 10, 11]]",1.0,0,0,0,1.0,1,1,1,0,1.0,1.0,1.0,1.0,0.6417519808746874,1.5839156210422516,200.9100681685959,mmbind_weighted_contrastive,1.0,"[""client_032"", ""client_017"", ""client_039"", ""client_025"", ""client_019"", ""client_003"", ""client_020"", ""client_008""]","[0, 1, 2, 3]","[0, 1, 2, 3]",2,"{""0"": 2, ""1"": 2, ""2"": 2, ""3"": 2}",effective
191,191,0.9650278687477112,0.9650278687477112,0.9650278687477112,0.011861077509820461,0.011861077509820461,3.8295376300811768,3.8295376300811768,1.1404260396957397,1.1404260396957397,0.011861077509820461,0.3829537630081177,0.5702130198478699,1.0,1.0,1.0,1.0,1.0,8,64,1.0,64,64.0,"[0, 1, 2, 3, 4, 5, 6, 7, 8, 9, 10, 11]","[[0, 1, 2, 3, 4, 5, 6, 7, 8, 9, 10, 11]]",1.0,0,0,0,1.0,1,1,1,0,1.0,1.0,1.0,0.9998903659037961,0.6408096342347562,1.5517584085464478,194.09103817047435,mmbind_weighted_contrastive,1.0,"[""client_018"", ""client_006"", ""client_019"", ""client_025"", ""client_030"", ""client_034"", ""client_007"", ""client_029""]","[0, 1, 2, 3]","[0, 1, 2, 3]",2,"{""0"": 2, ""1"": 2, ""2"": 2, ""3"": 2}",effective
192,192,1.007737398147583,1.007737398147583,1.007737398147583,0.06594433635473251,0.06594433635473251,3.71856427192688,3.71856427192688,1.1398731470108032,1.1398731470108032,0.06594433635473251,0.3718564212322235,0.5699365735054016,0.96875,0.96875,0.9714285714285715,0.9714285714285715,0.9678571428571427,8,64,1.0,64,64.0,"[0, 1, 2, 3, 4, 5, 6, 7, 8, 9, 10, 11]","[[0, 1, 2, 3, 4, 5, 6, 7, 8, 9, 10, 11]]",1.0,0,0,0,1.0,1,1,1,0,1.0,1.0,1.0,0.9998372660699756,0.6480826032347977,1.5170662999153137,192.7109153571073,mmbind_weighted_contrastive,1.0,"[""client_020"", ""client_026"", ""client_032"", ""client_015"", ""client_037"", ""client_000"", ""client_009"", ""client_012""]","[0, 1, 2, 3]","[0, 1, 2, 3]",2,"{""0"": 2, ""1"": 2, ""2"": 2, ""3"": 2}",effective
193,193,1.164733648300171,1.164733648300171,1.164733648300171,0.16295720636844635,0.16295720636844635,3.7075979709625244,3.7075979709625244,1.2620333433151245,1.2620333433151245,0.16295720636844635,0.3707598149776459,0.6310166716575623,0.9375,0.9375,0.9333333333333332,0.9333333333333332,0.9375,8,64,1.0,64,64.0,"[0, 1, 2, 3, 4, 5, 6, 7, 8, 9, 10, 11]","[[0, 1, 2, 3, 4, 5, 6, 7, 8, 9, 10, 11]]",1.0,0,0,0,1.0,1,1,1,0,1.0,1.0,1.0,0.9998389477922427,0.652659609913826,1.473948895931244,191.43608151521767,mmbind_weighted_contrastive,1.0,"[""client_023"", ""client_008"", ""client_036"", ""client_005"", ""client_039"", ""client_013"", ""client_022"", ""client_011""]","[0, 1, 2, 3]","[0, 1, 2, 3]",2,"{""0"": 2, ""1"": 2, ""2"": 2, ""3"": 2}",effective
194,194,1.019727110862732,1.019727110862732,1.019727110862732,0.09188461303710938,0.09188461303710938,3.730595350265503,3.730595350265503,1.1095659732818604,1.1095659732818604,0.09188461303710938,0.37305954098701477,0.5547829866409302,0.96875,0.96875,0.9461279461279463,0.9461279461279463,0.9668560606060606,8,64,1.0,64,64.0,"[0, 1, 2, 3, 4, 5, 6, 7, 8, 9, 10, 11]","[[0, 1, 2, 3, 4, 5, 6, 7, 8, 9, 10, 11]]",1.0,0,0,0,1.0,1,1,1,0,1.0,1.0,1.0,0.999893730074389,0.6428623180836439,1.4205883741378784,198.6793559557409,mmbind_weighted_contrastive,1.0,"[""client_014"", ""client_016"", ""client_038"", ""client_027"", ""client_002"", ""client_003"", ""client_031"", ""client_024""]","[0, 1, 2, 3]","[0, 1, 2, 3]",2,"{""0"": 2, ""1"": 2, ""2"": 2, ""3"": 2}",effective
195,195,1.0640873908996582,1.0640873908996582,1.0640873908996582,0.05496587976813316,0.05496587976813316,3.790238618850708,3.790238618850708,1.2601953744888306,1.2601953744888306,0.05496587976813316,0.37902387976646423,0.6300976872444153,1.0,1.0,1.0,1.0,1.0,8,64,1.0,64,64.0,"[0, 1, 2, 3, 4, 5, 6, 7, 8, 9, 10, 11]","[[0, 1, 2, 3, 4, 5, 6, 7, 8, 9, 10, 11]]",1.0,0,0,0,1.0,1,1,1,0,1.0,1.0,1.0,1.0,0.6412456911057234,1.394493818283081,190.73459304578137,mmbind_weighted_contrastive,1.0,"[""client_035"", ""client_004"", ""client_017"", ""client_033"", ""client_028"", ""client_010"", ""client_001"", ""client_021""]","[0, 1, 2, 3]","[0, 1, 2, 3]",2,"{""0"": 2, ""1"": 2, ""2"": 2, ""3"": 2}",effective
196,196,0.9256234765052795,0.9256234765052795,0.9256234765052795,0.024607818573713303,0.024607818573713303,3.7130537033081055,3.7130537033081055,1.0594205856323242,1.0594205856323242,0.024607818573713303,0.371305376291275,0.5297102928161621,1.0,1.0,1.0,1.0,1.0,8,64,1.0,64,64.0,"[0, 1, 2, 3, 4, 5, 6, 7, 8, 9, 10]","[[0, 1, 2, 3, 4, 5, 6, 7, 8, 9, 10]]",1.0,0,0,0,1.0,1,1,1,0,1.0,1.0,1.0,0.9998958875585633,0.6401886269450188,1.4359388053417206,195.95692162416526,mmbind_weighted_contrastive,1.0,"[""client_017"", ""client_039"", ""client_029"", ""client_014"", ""client_033"", ""client_028"", ""client_009"", ""client_003""]","[0, 1, 2, 3]","[0, 1, 2, 3]",2,"{""0"": 2, ""1"": 2, ""2"": 2, ""3"": 2}",effective
197,197,1.0110466480255127,1.0110466480255127,1.0110466480255127,0.11478693038225174,0.11478693038225174,3.6434757709503174,3.6434757709503174,1.06382417678833,1.06382417678833,0.11478693038225174,0.36434757709503174,0.531912088394165,0.9375,0.9375,0.934964619456598,0.934964619456598,0.9370915032679739,8,64,1.0,64,64.0,"[0, 1, 2, 3, 4, 5, 6, 7, 8, 9, 10, 11]","[[0, 1, 2, 3, 4, 5, 6, 7, 8, 9, 10, 11]]",1.0,0,0,0,1.0,1,1,1,0,1.0,1.0,1.0,0.9998454205848255,0.638534224126488,1.3863602578639984,194.10777223552577,mmbind_weighted_contrastive,1.0,"[""client_037"", ""client_032"", ""client_005"", ""client_025"", ""client_011"", ""client_008"", ""client_022"", ""client_016""]","[0, 1, 2, 3]","[0, 1, 2, 3]",2,"{""0"": 2, ""1"": 2, ""2"": 2, ""3"": 2}",effective
198,198,1.0778827667236328,1.0778827667236328,1.0778827667236328,0.15385426580905914,0.15385426580905914,3.6291656494140625,3.6291656494140625,1.1222237348556519,1.1222237348556519,0.15385426580905914,0.3629165589809418,0.5611118674278259,0.953125,0.953125,0.9671632715110977,0.9671632715110977,0.9523411371237458,8,64,1.0,64,64.0,"[0, 1, 2, 3, 4, 5, 6, 7, 8, 9, 10, 11]","[[0, 1, 2, 3, 4, 5, 6, 7, 8, 9, 10, 11]]",1.0,0,0,0,1.0,1,1,1,0,1.0,1.0,1.0,0.9998469778117827,0.6493821390904486,1.3996634185314178,198.2556703738228,mmbind_weighted_contrastive,1.0,"[""client_038"", ""client_020"", ""client_006"", ""client_015"", ""client_024"", ""client_002"", ""client_013"", ""client_031""]","[0, 1, 2, 3]","[0, 1, 2, 3]",2,"{""0"": 2, ""1"": 2, ""2"": 2, ""3"": 2}",effective
199,199,0.9459589719772339,0.9459589719772339,0.9459589719772339,0.032490890473127365,0.032490890473127365,3.6841952800750732,3.6841952800750732,1.0900970697402954,1.0900970697402954,0.032490890473127365,0.3684195280075073,0.5450485348701477,1.0,1.0,1.0,1.0,1.0,8,64,1.0,64,64.0,"[0, 1, 2, 3, 4, 5, 6, 7, 8, 9, 10, 11]","[[0, 1, 2, 3, 4, 5, 6, 7, 8, 9, 10, 11]]",1.0,0,0,0,1.0,1,1,1,0,1.0,1.0,1.0,0.9998990026511804,0.6373339109122753,1.3934564292430878,188.07099140647915,mmbind_weighted_contrastive,1.0,"[""client_000"", ""client_019"", ""client_007"", ""client_036"", ""client_023"", ""client_012"", ""client_035"", ""client_027""]","[0, 1, 2, 3]","[0, 1, 2, 3]",2,"{""0"": 2, ""1"": 2, ""2"": 2, ""3"": 2}",effective
200,200,0.973534107208252,0.973534107208252,0.973534107208252,0.05553435534238815,0.05553435534238815,3.6955912113189697,3.6955912113189697,1.0968812704086304,1.0968812704086304,0.05553435534238815,0.3695591390132904,0.5484406352043152,0.984375,0.984375,0.9646464646464646,0.9646464646464646,0.9862689393939394,8,64,1.0,64,64.0,"[0, 1, 2, 3, 4, 5, 6, 7, 8, 9, 10, 11]","[[0, 1, 2, 3, 4, 5, 6, 7, 8, 9, 10, 11]]",1.0,0,0,0,1.0,1,1,1,0,1.0,1.0,1.0,1.0,0.6455632182769477,1.4209780097007751,186.38814889255445,mmbind_weighted_contrastive,1.0,"[""client_004"", ""client_030"", ""client_010"", ""client_026"", ""client_034"", ""client_001"", ""client_018"", ""client_021""]","[0, 1, 2, 3]","[0, 1, 2, 3]",2,"{""0"": 2, ""1"": 2, ""2"": 2, ""3"": 2}",effective
