global_round,round,loss,train_total_loss,mean_loss,classification_loss,train_classification_loss,contrastive_loss,train_contrastive_loss,heterogeneous_loss,train_heterogeneous_loss,weighted_classification_loss,weighted_contrastive_loss,weighted_heterogeneous_loss,accuracy,train_accuracy,macro_f1,train_macro_f1,weighted_f1,K_t,pseudo_batch_size,pseudo_yield,total_pseudo_samples,mean_pseudo_batch_size,common_labels_json,local_step_common_labels_json,binding_success,empty_binding_round,empty_binding,empty_binding_rounds,binding_success_rate,configured_local_steps,attempted_local_steps,effective_local_steps,empty_binding_local_steps,round_binding_success_rate,coverage,cluster_slot_coverage,participation_fairness,latency,server_update_l1,client_update_l1,fusion_training_objective,binding_confidence_mean,selected_client_ids,selected_cluster_ids,expected_cluster_ids,clients_per_cluster_per_round,per_cluster_selected_json,round_status
1,1,4.192395210266113,4.192395210266113,4.192395210266113,2.5044870376586914,2.5044870376586914,4.404325485229492,4.404325485229492,2.4949517250061035,2.4949517250061035,2.5044870376586914,0.4404325485229492,1.2474758625030518,0.046875,0.046875,0.022303921568627455,0.022303921568627455,0.02251838235294118,8,64,1.0,64,64.0,"[0, 1, 2, 3, 4, 5, 6, 7, 8, 9, 10, 11]","[[0, 1, 2, 3, 4, 5, 6, 7, 8, 9, 10, 11]]",1.0,0,0,0,1.0,1,1,1,0,1.0,1.0,1.0,0.2,0.8683771318756044,1.3648837506771088,414.92612532840576,mmbind_weighted_contrastive,1.0,"[""client_006"", ""client_015"", ""client_031"", ""client_023"", ""client_028"", ""client_016"", ""client_009"", ""client_030""]","[0, 1, 2, 3]","[0, 1, 2, 3]",2,"{""0"": 2, ""1"": 2, ""2"": 2, ""3"": 2}",effective
2,2,4.149415493011475,4.149415493011475,4.149415493011475,2.4723222255706787,2.4723222255706787,4.388106346130371,4.388106346130371,2.476565361022949,2.476565361022949,2.4723222255706787,0.43881064653396606,1.2382826805114746,0.125,0.125,0.04985754985754986,0.04985754985754986,0.06543803418803418,8,64,1.0,64,64.0,"[0, 1, 2, 3, 4, 5, 6, 7, 8, 9, 10, 11]","[[0, 1, 2, 3, 4, 5, 6, 7, 8, 9, 10, 11]]",1.0,0,0,0,1.0,1,1,1,0,1.0,1.0,1.0,0.4,0.16470485366880894,0.9562349915504456,418.01508398304577,mmbind_weighted_contrastive,1.0,"[""client_021"", ""client_011"", ""client_014"", ""client_000"", ""client_026"", ""client_034"", ""client_007"", ""client_039""]","[0, 1, 2, 3]","[0, 1, 2, 3]",2,"{""0"": 2, ""1"": 2, ""2"": 2, ""3"": 2}",effective
3,3,4.167148113250732,4.167148113250732,4.167148113250732,2.480745315551758,2.480745315551758,4.450422286987305,4.450422286987305,2.4827215671539307,2.4827215671539307,2.480745315551758,0.445042222738266,1.2413607835769653,0.03125,0.03125,0.011111111111111112,0.011111111111111112,0.010416666666666666,8,64,1.0,64,64.0,"[0, 1, 2, 3, 4, 5, 6, 7, 8, 9, 10, 11]","[[0, 1, 2, 3, 4, 5, 6, 7, 8, 9, 10, 11]]",1.0,0,0,0,1.0,1,1,1,0,1.0,1.0,1.0,0.6,0.17168913269415498,0.7724700570106506,415.0880014512222,mmbind_weighted_contrastive,1.0,"[""client_008"", ""client_029"", ""client_012"", ""client_035"", ""client_019"", ""client_036"", ""client_024"", ""client_001""]","[0, 1, 2, 3]","[0, 1, 2, 3]",2,"{""0"": 2, ""1"": 2, ""2"": 2, ""3"": 2}",effective
4,4,4.169605255126953,4.169605255126953,4.169605255126953,2.4877853393554688,2.4877853393554688,4.378586292266846,4.378586292266846,2.4879231452941895,2.4879231452941895,2.4877853393554688,0.4378586411476135,1.2439615726470947,0.046875,0.046875,0.02669082125603865,0.02669082125603865,0.033038949275362314,8,64,1.0,64,64.0,"[0, 1, 2, 3, 4, 5, 6, 7, 8, 9, 10, 11]","[[0, 1, 2, 3, 4, 5, 6, 7, 8, 9, 10, 11]]",1.0,0,0,0,1.0,1,1,1,0,1.0,1.0,1.0,0.8,0.17117238463833928,0.7106014788150787,405.2431230386137,mmbind_weighted_contrastive,1.0,"[""client_020"", ""client_022"", ""client_032"", ""client_004"", ""client_013"", ""client_038"", ""client_010"", ""client_002""]","[0, 1, 2, 3]","[0, 1, 2, 3]",2,"{""0"": 2, ""1"": 2, ""2"": 2, ""3"": 2}",effective
5,5,4.173357009887695,4.173357009887695,4.173357009887695,2.48903226852417,2.48903226852417,4.429921627044678,4.429921627044678,2.4826650619506836,2.4826650619506836,2.48903226852417,0.4429921805858612,1.2413325309753418,0.0625,0.0625,0.023809523809523808,0.023809523809523808,0.04464285714285714,8,64,1.0,64,64.0,"[0, 1, 2, 3, 4, 5, 6, 7, 8, 9, 10, 11]","[[0, 1, 2, 3, 4, 5, 6, 7, 8, 9, 10, 11]]",1.0,0,0,0,1.0,1,1,1,0,1.0,1.0,1.0,1.0,0.16688488982617855,0.6494230926036835,420.76951782472315,mmbind_weighted_contrastive,1.0,"[""client_025"", ""client_033"", ""client_003"", ""client_027"", ""client_037"", ""client_018"", ""client_017"", ""client_005""]","[0, 1, 2, 3]","[0, 1, 2, 3]",2,"{""0"": 2, ""1"": 2, ""2"": 2, ""3"": 2}",effective
6,6,4.185571193695068,4.185571193695068,4.185571193695068,2.4965758323669434,2.4965758323669434,4.412814140319824,4.412814140319824,2.4954280853271484,2.4954280853271484,2.4965758323669434,0.44128140807151794,1.2477140426635742,0.0625,0.0625,0.036770166156131066,0.036770166156131066,0.027379647034252295,8,64,1.0,64,64.0,"[0, 1, 2, 3, 4, 5, 6, 7, 8, 9, 10, 11]","[[0, 1, 2, 3, 4, 5, 6, 7, 8, 9, 10, 11]]",1.0,0,0,0,1.0,1,1,1,0,1.0,1.0,1.0,0.9,0.1558809531852603,0.627928614616394,402.926778682915,mmbind_weighted_contrastive,1.0,"[""client_032"", ""client_013"", ""client_025"", ""client_012"", ""client_039"", ""client_000"", ""client_023"", ""client_005""]","[0, 1, 2, 3]","[0, 1, 2, 3]",2,"{""0"": 2, ""1"": 2, ""2"": 2, ""3"": 2}",effective
7,7,4.165924072265625,4.165924072265625,4.165924072265625,2.4814836978912354,2.4814836978912354,4.420557022094727,4.420557022094727,2.484769344329834,2.484769344329834,2.4814836978912354,0.44205570220947266,1.242384672164917,0.078125,0.078125,0.03992303992303992,0.03992303992303992,0.03654100529100529,8,64,1.0,64,64.0,"[0, 1, 2, 3, 4, 5, 6, 7, 8, 9, 10]","[[0, 1, 2, 3, 4, 5, 6, 7, 8, 9, 10]]",1.0,0,0,0,1.0,1,1,1,0,1.0,1.0,1.0,0.8909090909090909,0.15146097308024764,0.5535847842693329,413.78110557206674,mmbind_weighted_contrastive,1.0,"[""client_029"", ""client_015"", ""client_031"", ""client_033"", ""client_006"", ""client_028"", ""client_014"", ""client_003""]","[0, 1, 2, 3]","[0, 1, 2, 3]",2,"{""0"": 2, ""1"": 2, ""2"": 2, ""3"": 2}",effective
8,8,4.151324272155762,4.151324272155762,4.151324272155762,2.4727256298065186,2.4727256298065186,4.400303840637207,4.400303840637207,2.4771370887756348,2.4771370887756348,2.4727256298065186,0.44003039598464966,1.2385685443878174,0.109375,0.109375,0.06585858585858585,0.06585858585858585,0.051388888888888894,8,64,1.0,64,64.0,"[0, 1, 2, 3, 4, 5, 6, 7, 8, 9, 10, 11]","[[0, 1, 2, 3, 4, 5, 6, 7, 8, 9, 10, 11]]",1.0,0,0,0,1.0,1,1,1,0,1.0,1.0,1.0,0.9142857142857143,0.1588941216468811,0.5245302021503448,408.800515710318,mmbind_weighted_contrastive,1.0,"[""client_035"", ""client_002"", ""client_026"", ""client_037"", ""client_017"", ""client_008"", ""client_027"", ""client_018""]","[0, 1, 2, 3]","[0, 1, 2, 3]",2,"{""0"": 2, ""1"": 2, ""2"": 2, ""3"": 2}",effective
9,9,4.139308929443359,4.139308929443359,4.139308929443359,2.465644598007202,2.465644598007202,4.322109699249268,4.322109699249268,2.4829068183898926,2.4829068183898926,2.465644598007202,0.4322109818458557,1.2414534091949463,0.109375,0.109375,0.09183006535947713,0.09183006535947713,0.08970588235294116,8,64,1.0,64,64.0,"[0, 1, 2, 3, 4, 5, 6, 7, 8, 9, 10, 11]","[[0, 1, 2, 3, 4, 5, 6, 7, 8, 9, 10, 11]]",1.0,0,0,0,1.0,1,1,1,0,1.0,1.0,1.0,0.9529411764705882,0.15109067363664508,0.4381524324417114,414.9762167081062,mmbind_weighted_contrastive,1.0,"[""client_001"", ""client_011"", ""client_034"", ""client_038"", ""client_007"", ""client_020"", ""client_016"", ""client_024""]","[0, 1, 2, 3]","[0, 1, 2, 3]",2,"{""0"": 2, ""1"": 2, ""2"": 2, ""3"": 2}",effective
10,10,4.157189846038818,4.157189846038818,4.157189846038818,2.4738759994506836,2.4738759994506836,4.411275863647461,4.411275863647461,2.48437237739563,2.48437237739563,2.4738759994506836,0.44112759828567505,1.242186188697815,0.09375,0.09375,0.039384920634920634,0.039384920634920634,0.041666666666666664,8,64,1.0,64,64.0,"[0, 1, 2, 3, 4, 5, 6, 7, 8, 9, 10, 11]","[[0, 1, 2, 3, 4, 5, 6, 7, 8, 9, 10, 11]]",1.0,0,0,0,1.0,1,1,1,0,1.0,1.0,1.0,1.0,0.15437591494992375,0.3485674262046814,413.335481925722,mmbind_weighted_contrastive,1.0,"[""client_010"", ""client_022"", ""client_021"", ""client_036"", ""client_019"", ""client_030"", ""client_004"", ""client_009""]","[0, 1, 2, 3]","[0, 1, 2, 3]",2,"{""0"": 2, ""1"": 2, ""2"": 2, ""3"": 2}",effective
11,11,4.137857913970947,4.137857913970947,4.137857913970947,2.4658584594726562,2.4658584594726562,4.316557884216309,4.316557884216309,2.480687141418457,2.480687141418457,2.4658584594726562,0.43165579438209534,1.2403435707092285,0.203125,0.203125,0.11152597402597401,0.11152597402597401,0.12025669642857142,8,64,1.0,64,64.0,"[0, 1, 2, 3, 4, 5, 6, 7, 8, 9, 10, 11]","[[0, 1, 2, 3, 4, 5, 6, 7, 8, 9, 10, 11]]",1.0,0,0,0,1.0,1,1,1,0,1.0,1.0,1.0,0.968,0.17846780503168702,0.2931555509567261,409.40041354618734,mmbind_weighted_contrastive,1.0,"[""client_034"", ""client_038"", ""client_012"", ""client_018"", ""client_007"", ""client_027"", ""client_000"", ""client_021""]","[0, 1, 2, 3]","[0, 1, 2, 3]",2,"{""0"": 2, ""1"": 2, ""2"": 2, ""3"": 2}",effective
12,12,4.146257400512695,4.146257400512695,4.146257400512695,2.473339319229126,2.473339319229126,4.315873146057129,4.315873146057129,2.4826619625091553,2.4826619625091553,2.473339319229126,0.4315873086452484,1.2413309812545776,0.140625,0.140625,0.053542673107890494,0.053542673107890494,0.051932367149758456,8,64,1.0,64,64.0,"[0, 1, 2, 3, 4, 5, 6, 7, 8, 9, 10, 11]","[[0, 1, 2, 3, 4, 5, 6, 7, 8, 9, 10, 11]]",1.0,0,0,0,1.0,1,1,1,0,1.0,1.0,1.0,0.96,0.15155738312751055,0.27108341455459595,411.11060934586567,mmbind_weighted_contrastive,1.0,"[""client_026"", ""client_002"", ""client_029"", ""client_001"", ""client_033"", ""client_014"", ""client_017"", ""client_031""]","[0, 1, 2, 3]","[0, 1, 2, 3]",2,"{""0"": 2, ""1"": 2, ""2"": 2, ""3"": 2}",effective
13,13,4.1410112380981445,4.1410112380981445,4.1410112380981445,2.4655301570892334,2.4655301570892334,4.347212314605713,4.347212314605713,2.4815192222595215,2.4815192222595215,2.4655301570892334,0.4347212314605713,1.2407596111297607,0.15625,0.15625,0.07878637566137565,0.07878637566137565,0.07973710317460317,8,64,1.0,64,64.0,"[0, 1, 2, 3, 4, 5, 6, 7, 8, 9, 10, 11]","[[0, 1, 2, 3, 4, 5, 6, 7, 8, 9, 10, 11]]",1.0,0,0,0,1.0,1,1,1,0,1.0,1.0,1.0,0.9657142857142857,0.15809720708057284,0.2452487051486969,411.7306158649444,mmbind_weighted_contrastive,1.0,"[""client_013"", ""client_006"", ""client_024"", ""client_036"", ""client_028"", ""client_016"", ""client_032"", ""client_009""]","[0, 1, 2, 3]","[0, 1, 2, 3]",2,"{""0"": 2, ""1"": 2, ""2"": 2, ""3"": 2}",effective
14,14,4.141993522644043,4.141993522644043,4.141993522644043,2.465604543685913,2.465604543685913,4.3542280197143555,4.3542280197143555,2.481931686401367,2.481931686401367,2.465604543685913,0.4354228079319,1.2409658432006836,0.171875,0.171875,0.0761904761904762,0.0761904761904762,0.09910714285714287,8,64,1.0,64,64.0,"[0, 1, 2, 3, 4, 5, 6, 7, 8, 9, 10, 11]","[[0, 1, 2, 3, 4, 5, 6, 7, 8, 9, 10, 11]]",1.0,0,0,0,1.0,1,1,1,0,1.0,1.0,1.0,0.98,0.15321936085820198,0.17904159426689148,406.19811536057387,mmbind_weighted_contrastive,1.0,"[""client_011"", ""client_019"", ""client_003"", ""client_008"", ""client_035"", ""client_025"", ""client_030"", ""client_022""]","[0, 1, 2, 3]","[0, 1, 2, 3]",2,"{""0"": 2, ""1"": 2, ""2"": 2, ""3"": 2}",effective
15,15,4.140495300292969,4.140495300292969,4.140495300292969,2.4696033000946045,2.4696033000946045,4.324549674987793,4.324549674987793,2.4768741130828857,2.4768741130828857,2.4696033000946045,0.4324549734592438,1.2384370565414429,0.125,0.125,0.06043956043956044,0.06043956043956044,0.0724587912087912,8,64,1.0,64,64.0,"[0, 1, 2, 3, 4, 5, 6, 7, 8, 9, 10, 11]","[[0, 1, 2, 3, 4, 5, 6, 7, 8, 9, 10, 11]]",1.0,0,0,0,1.0,1,1,1,0,1.0,1.0,1.0,1.0,0.1498994347639382,0.17086124420166016,403.6329351424356,mmbind_weighted_contrastive,1.0,"[""client_005"", ""client_020"", ""client_039"", ""client_015"", ""client_010"", ""client_037"", ""client_023"", ""client_004""]","[0, 1, 2, 3]","[0, 1, 2, 3]",2,"{""0"": 2, ""1"": 2, ""2"": 2, ""3"": 2}",effective
16,16,4.128396034240723,4.128396034240723,4.128396034240723,2.44773006439209,2.44773006439209,4.427663326263428,4.427663326263428,2.4757986068725586,2.4757986068725586,2.44773006439209,0.44276633858680725,1.2378993034362793,0.234375,0.234375,0.1552043422733078,0.1552043422733078,0.18942768199233717,8,64,1.0,64,64.0,"[0, 1, 2, 3, 4, 5, 6, 7, 8, 9, 10, 11]","[[0, 1, 2, 3, 4, 5, 6, 7, 8, 9, 10, 11]]",1.0,0,0,0,1.0,1,1,1,0,1.0,1.0,1.0,0.9846153846153847,0.1531316959299147,0.10555621981620789,405.9477030033595,mmbind_weighted_contrastive,1.0,"[""client_017"", ""client_036"", ""client_023"", ""client_033"", ""client_028"", ""client_011"", ""client_000"", ""client_007""]","[0, 1, 2, 3]","[0, 1, 2, 3]",2,"{""0"": 2, ""1"": 2, ""2"": 2, ""3"": 2}",effective
17,17,4.114842891693115,4.114842891693115,4.114842891693115,2.4441745281219482,2.4441745281219482,4.344747543334961,4.344747543334961,2.4723873138427734,2.4723873138427734,2.4441745281219482,0.43447476625442505,1.2361936569213867,0.234375,0.234375,0.12694622450720014,0.12694622450720014,0.15397179040471726,8,64,1.0,64,64.0,"[0, 1, 2, 3, 4, 5, 6, 7, 8, 9, 10, 11]","[[0, 1, 2, 3, 4, 5, 6, 7, 8, 9, 10, 11]]",1.0,0,0,0,1.0,1,1,1,0,1.0,1.0,1.0,0.9796610169491525,0.16838971991091967,0.05394303798675537,412.0836844704463,mmbind_weighted_contrastive,1.0,"[""client_021"", ""client_027"", ""client_030"", ""client_010"", ""client_019"", ""client_031"", ""client_008"", ""client_001""]","[0, 1, 2, 3]","[0, 1, 2, 3]",2,"{""0"": 2, ""1"": 2, ""2"": 2, ""3"": 2}",effective
18,18,4.103278160095215,4.103278160095215,4.103278160095215,2.4379618167877197,2.4379618167877197,4.278297424316406,4.278297424316406,2.474973201751709,2.474973201751709,2.4379618167877197,0.4278297424316406,1.2374866008758545,0.328125,0.328125,0.20714285714285716,0.20714285714285716,0.25163690476190476,8,64,1.0,64,64.0,"[0, 1, 2, 3, 4, 5, 6, 7, 8, 9, 10, 11]","[[0, 1, 2, 3, 4, 5, 6, 7, 8, 9, 10, 11]]",1.0,0,0,0,1.0,1,1,1,0,1.0,1.0,1.0,0.9818181818181818,0.16245971387252212,0.014540106058120728,405.4113728955854,mmbind_weighted_contrastive,1.0,"[""client_038"", ""client_003"", ""client_035"", ""client_002"", ""client_029"", ""client_014"", ""client_026"", ""client_015""]","[0, 1, 2, 3]","[0, 1, 2, 3]",2,"{""0"": 2, ""1"": 2, ""2"": 2, ""3"": 2}",effective
19,19,4.113790988922119,4.113790988922119,4.113790988922119,2.452270746231079,2.452270746231079,4.229742050170898,4.229742050170898,2.4770925045013428,2.4770925045013428,2.452270746231079,0.42297419905662537,1.2385462522506714,0.234375,0.234375,0.11945631528964862,0.11945631528964862,0.1477653133903134,8,64,1.0,64,64.0,"[0, 1, 2, 3, 4, 5, 6, 7, 8, 9, 10, 11]","[[0, 1, 2, 3, 4, 5, 6, 7, 8, 9, 10, 11]]",1.0,0,0,0,1.0,1,1,1,0,1.0,1.0,1.0,0.989041095890411,0.15619423100724816,0.04408156871795654,405.79397911246633,mmbind_weighted_contrastive,1.0,"[""client_005"", ""client_016"", ""client_006"", ""client_024"", ""client_013"", ""client_032"", ""client_037"", ""client_022""]","[0, 1, 2, 3]","[0, 1, 2, 3]",2,"{""0"": 2, ""1"": 2, ""2"": 2, ""3"": 2}",effective
20,20,4.102543354034424,4.102543354034424,4.102543354034424,2.4412143230438232,2.4412143230438232,4.272754669189453,4.272754669189453,2.468107223510742,2.468107223510742,2.4412143230438232,0.42727547883987427,1.234053611755371,0.1875,0.1875,0.0999172870140612,0.0999172870140612,0.12128308519437551,8,64,1.0,64,64.0,"[0, 1, 2, 3, 4, 5, 6, 7, 8, 9, 10, 11]","[[0, 1, 2, 3, 4, 5, 6, 7, 8, 9, 10, 11]]",1.0,0,0,0,1.0,1,1,1,0,1.0,1.0,1.0,1.0,0.1543405600823462,0.0913439393043518,399.0574982999824,mmbind_weighted_contrastive,1.0,"[""client_025"", ""client_004"", ""client_012"", ""client_039"", ""client_009"", ""client_020"", ""client_018"", ""client_034""]","[0, 1, 2, 3]","[0, 1, 2, 3]",2,"{""0"": 2, ""1"": 2, ""2"": 2, ""3"": 2}",effective
21,21,4.101387023925781,4.101387023925781,4.101387023925781,2.4406344890594482,2.4406344890594482,4.203843116760254,4.203843116760254,2.480736255645752,2.480736255645752,2.4406344890594482,0.42038431763648987,1.240368127822876,0.34375,0.34375,0.25482061511473275,0.25482061511473275,0.28318372803666925,8,64,1.0,64,64.0,"[0, 1, 2, 3, 4, 5, 6, 7, 8, 9, 10, 11]","[[0, 1, 2, 3, 4, 5, 6, 7, 8, 9, 10, 11]]",1.0,0,0,0,1.0,1,1,1,0,1.0,1.0,1.0,0.9910112359550561,0.15268077980726957,0.1608159840106964,392.54361235068063,mmbind_weighted_contrastive,1.0,"[""client_032"", ""client_025"", ""client_000"", ""client_010"", ""client_023"", ""client_009"", ""client_017"", ""client_031""]","[0, 1, 2, 3]","[0, 1, 2, 3]",2,"{""0"": 2, ""1"": 2, ""2"": 2, ""3"": 2}",effective
22,22,4.118356704711914,4.118356704711914,4.118356704711914,2.451301097869873,2.451301097869873,4.296398162841797,4.296398162841797,2.4748311042785645,2.4748311042785645,2.451301097869873,0.4296398162841797,1.2374155521392822,0.171875,0.171875,0.10833803877282139,0.10833803877282139,0.11772774327122151,8,64,1.0,64,64.0,"[0, 1, 2, 3, 4, 5, 6, 7, 8, 9, 10, 11]","[[0, 1, 2, 3, 4, 5, 6, 7, 8, 9, 10, 11]]",1.0,0,0,0,1.0,1,1,1,0,1.0,1.0,1.0,0.9877551020408163,0.15234478563070297,0.16772052645683289,406.5523247998499,mmbind_weighted_contrastive,1.0,"[""client_011"", ""client_035"", ""client_003"", ""client_019"", ""client_001"", ""client_024"", ""client_028"", ""client_038""]","[0, 1, 2, 3]","[0, 1, 2, 3]",2,"{""0"": 2, ""1"": 2, ""2"": 2, ""3"": 2}",effective
23,23,4.116579055786133,4.116579055786133,4.116579055786133,2.445958375930786,2.445958375930786,4.361062049865723,4.361062049865723,2.469029426574707,2.469029426574707,2.445958375930786,0.43610620498657227,1.2345147132873535,0.3125,0.3125,0.1925391435578193,0.1925391435578193,0.21956352574985852,8,64,1.0,64,64.0,"[0, 1, 2, 3, 4, 5, 6, 7, 8, 9, 10, 11]","[[0, 1, 2, 3, 4, 5, 6, 7, 8, 9, 10, 11]]",1.0,0,0,0,1.0,1,1,1,0,1.0,1.0,1.0,0.9887850467289719,0.1613297858275473,0.18422231078147888,406.0248999350879,mmbind_weighted_contrastive,1.0,"[""client_014"", ""client_005"", ""client_004"", ""client_018"", ""client_021"", ""client_022"", ""client_037"", ""client_033""]","[0, 1, 2, 3]","[0, 1, 2, 3]",2,"{""0"": 2, ""1"": 2, ""2"": 2, ""3"": 2}",effective
24,24,4.093195915222168,4.093195915222168,4.093195915222168,2.4304404258728027,2.4304404258728027,4.260063171386719,4.260063171386719,2.473498821258545,2.473498821258545,2.4304404258728027,0.4260063171386719,1.2367494106292725,0.28125,0.28125,0.22538610038610035,0.22538610038610035,0.20757420366795368,8,64,1.0,64,64.0,"[0, 1, 2, 3, 4, 5, 6, 7, 8, 9, 10, 11]","[[0, 1, 2, 3, 4, 5, 6, 7, 8, 9, 10, 11]]",1.0,0,0,0,1.0,1,1,1,0,1.0,1.0,1.0,0.993103448275862,0.1565833049826324,0.23154446482658386,404.88994709885446,mmbind_weighted_contrastive,1.0,"[""client_030"", ""client_026"", ""client_016"", ""client_012"", ""client_039"", ""client_002"", ""client_029"", ""client_007""]","[0, 1, 2, 3]","[0, 1, 2, 3]",2,"{""0"": 2, ""1"": 2, ""2"": 2, ""3"": 2}",effective
25,25,4.111669540405273,4.111669540405273,4.111669540405273,2.436903238296509,2.436903238296509,4.3813676834106445,4.3813676834106445,2.4732589721679688,2.4732589721679688,2.436903238296509,0.4381367862224579,1.2366294860839844,0.125,0.125,0.09444444444444444,0.09444444444444444,0.09553571428571428,8,64,1.0,64,64.0,"[0, 1, 2, 3, 4, 5, 6, 7, 8, 9, 10, 11]","[[0, 1, 2, 3, 4, 5, 6, 7, 8, 9, 10, 11]]",1.0,0,0,0,1.0,1,1,1,0,1.0,1.0,1.0,1.0,0.1510148230008781,0.27345454692840576,402.12320303640445,mmbind_weighted_contrastive,1.0,"[""client_008"", ""client_013"", ""client_036"", ""client_006"", ""client_027"", ""client_034"", ""client_015"", ""client_020""]","[0, 1, 2, 3]","[0, 1, 2, 3]",2,"{""0"": 2, ""1"": 2, ""2"": 2, ""3"": 2}",effective
26,26,4.056646347045898,4.056646347045898,4.056646347045898,2.39795184135437,2.39795184135437,4.261614799499512,4.261614799499512,2.465066432952881,2.465066432952881,2.39795184135437,0.4261614978313446,1.2325332164764404,0.4375,0.4375,0.3313877945953418,0.3313877945953418,0.33012647729628863,8,64,1.0,64,64.0,"[0, 1, 2, 3, 4, 5, 6, 7, 8, 9, 10, 11]","[[0, 1, 2, 3, 4, 5, 6, 7, 8, 9, 10, 11]]",1.0,0,0,0,1.0,1,1,1,0,1.0,1.0,1.0,0.9941176470588236,0.14953540405258536,0.42200034856796265,396.6336879497976,mmbind_weighted_contrastive,1.0,"[""client_022"", ""client_015"", ""client_026"", ""client_000"", ""client_008"", ""client_035"", ""client_030"", ""client_011""]","[0, 1, 2, 3]","[0, 1, 2, 3]",2,"{""0"": 2, ""1"": 2, ""2"": 2, ""3"": 2}",effective
27,27,4.093075752258301,4.093075752258301,4.093075752258301,2.424889087677002,2.424889087677002,4.327939510345459,4.327939510345459,2.4707858562469482,2.4707858562469482,2.424889087677002,0.4327939450740814,1.2353929281234741,0.3125,0.3125,0.19444444444444445,0.19444444444444445,0.22569444444444445,8,64,1.0,64,64.0,"[0, 1, 2, 3, 4, 5, 6, 7, 8, 9, 10, 11]","[[0, 1, 2, 3, 4, 5, 6, 7, 8, 9, 10, 11]]",1.0,0,0,0,1.0,1,1,1,0,1.0,1.0,1.0,0.9918367346938776,0.15101648401468992,0.46531951427459717,397.6276189023338,mmbind_weighted_contrastive,1.0,"[""client_001"", ""client_016"", ""client_014"", ""client_009"", ""client_032"", ""client_028"", ""client_038"", ""client_020""]","[0, 1, 2, 3]","[0, 1, 2, 3]",2,"{""0"": 2, ""1"": 2, ""2"": 2, ""3"": 2}",effective
28,28,4.084345817565918,4.084345817565918,4.084345817565918,2.4264116287231445,2.4264116287231445,4.230238914489746,4.230238914489746,2.469820022583008,2.469820022583008,2.4264116287231445,0.42302390933036804,1.234910011291504,0.234375,0.234375,0.17859477124183007,0.17859477124183007,0.19083946078431374,8,64,1.0,64,64.0,"[0, 1, 2, 3, 4, 5, 6, 7, 8, 9, 10, 11]","[[0, 1, 2, 3, 4, 5, 6, 7, 8, 9, 10, 11]]",1.0,0,0,0,1.0,1,1,1,0,1.0,1.0,1.0,0.9924050632911392,0.15152096515521407,0.5091204643249512,400.9623872664524,mmbind_weighted_contrastive,1.0,"[""client_018"", ""client_027"", ""client_037"", ""client_029"", ""client_005"", ""client_019"", ""client_031"", ""client_007""]","[0, 1, 2, 3]","[0, 1, 2, 3]",2,"{""0"": 2, ""1"": 2, ""2"": 2, ""3"": 2}",effective
29,29,4.057713508605957,4.057713508605957,4.057713508605957,2.406073570251465,2.406073570251465,4.216639041900635,4.216639041900635,2.4599523544311523,2.4599523544311523,2.406073570251465,0.42166391015052795,1.2299761772155762,0.28125,0.28125,0.19598898710740817,0.19598898710740817,0.2334823809947165,8,64,1.0,64,64.0,"[0, 1, 2, 3, 4, 5, 6, 7, 8, 9, 10, 11]","[[0, 1, 2, 3, 4, 5, 6, 7, 8, 9, 10, 11]]",1.0,0,0,0,1.0,1,1,1,0,1.0,1.0,1.0,0.9952662721893492,0.15111687313765287,0.5817703306674957,391.3914497344522,mmbind_weighted_contrastive,1.0,"[""client_025"", ""client_010"", ""client_017"", ""client_006"", ""client_004"", ""client_036"", ""client_024"", ""client_033""]","[0, 1, 2, 3]","[0, 1, 2, 3]",2,"{""0"": 2, ""1"": 2, ""2"": 2, ""3"": 2}",effective
30,30,4.067820072174072,4.067820072174072,4.067820072174072,2.4110107421875,2.4110107421875,4.294809341430664,4.294809341430664,2.4546566009521484,2.4546566009521484,2.4110107421875,0.4294809401035309,1.2273283004760742,0.359375,0.359375,0.24617604617604616,0.24617604617604616,0.31051812770562764,8,64,1.0,64,64.0,"[0, 1, 2, 3, 4, 5, 6, 7, 8, 9, 10, 11]","[[0, 1, 2, 3, 4, 5, 6, 7, 8, 9, 10, 11]]",1.0,0,0,0,1.0,1,1,1,0,1.0,1.0,1.0,1.0,0.15458471002057195,0.623926967382431,394.6992444425996,mmbind_weighted_contrastive,1.0,"[""client_034"", ""client_039"", ""client_012"", ""client_002"", ""client_013"", ""client_021"", ""client_003"", ""client_023""]","[0, 1, 2, 3]","[0, 1, 2, 3]",2,"{""0"": 2, ""1"": 2, ""2"": 2, ""3"": 2}",effective
31,31,4.061316013336182,4.061316013336182,4.061316013336182,2.4009315967559814,2.4009315967559814,4.244113445281982,4.244113445281982,2.4719464778900146,2.4719464778900146,2.4009315967559814,0.4244113564491272,1.2359732389450073,0.25,0.25,0.2430240947682808,0.2430240947682808,0.23595538021410112,8,64,1.0,64,64.0,"[0, 1, 2, 3, 4, 5, 6, 7, 8, 9, 10, 11]","[[0, 1, 2, 3, 4, 5, 6, 7, 8, 9, 10, 11]]",1.0,0,0,0,1.0,1,1,1,0,1.0,1.0,1.0,0.9958549222797928,0.14915488427504897,0.7218665480613708,387.4444838244526,mmbind_weighted_contrastive,1.0,"[""client_024"", ""client_011"", ""client_030"", ""client_031"", ""client_005"", ""client_015"", ""client_009"", ""client_020""]","[0, 1, 2, 3]","[0, 1, 2, 3]",2,"{""0"": 2, ""1"": 2, ""2"": 2, ""3"": 2}",effective
32,32,4.031039714813232,4.031039714813232,4.031039714813232,2.3718457221984863,2.3718457221984863,4.281276226043701,4.281276226043701,2.4621329307556152,2.4621329307556152,2.3718457221984863,0.42812761664390564,1.2310664653778076,0.46875,0.46875,0.37118205868205867,0.37118205868205867,0.44318407287157285,8,64,1.0,64,64.0,"[0, 1, 2, 3, 4, 5, 6, 7, 8, 9, 10, 11]","[[0, 1, 2, 3, 4, 5, 6, 7, 8, 9, 10, 11]]",1.0,0,0,0,1.0,1,1,1,0,1.0,1.0,1.0,0.9941747572815534,0.1493582660332322,0.8608831167221069,391.74614371487405,mmbind_weighted_contrastive,1.0,"[""client_004"", ""client_034"", ""client_026"", ""client_006"", ""client_038"", ""client_017"", ""client_028"", ""client_018""]","[0, 1, 2, 3]","[0, 1, 2, 3]",2,"{""0"": 2, ""1"": 2, ""2"": 2, ""3"": 2}",effective
33,33,4.024909973144531,4.024909973144531,4.024909973144531,2.3707354068756104,2.3707354068756104,4.248500823974609,4.248500823974609,2.458648681640625,2.458648681640625,2.3707354068756104,0.42485007643699646,1.2293243408203125,0.328125,0.328125,0.25973384323186693,0.25973384323186693,0.3382561053077357,8,64,1.0,64,64.0,"[0, 1, 2, 3, 4, 5, 6, 7, 8, 9, 10, 11]","[[0, 1, 2, 3, 4, 5, 6, 7, 8, 9, 10, 11]]",1.0,0,0,0,1.0,1,1,1,0,1.0,1.0,1.0,0.9945205479452055,0.15020437771454453,0.9300626516342163,385.72974355873885,mmbind_weighted_contrastive,1.0,"[""client_037"", ""client_012"", ""client_025"", ""client_010"", ""client_000"", ""client_032"", ""client_007"", ""client_029""]","[0, 1, 2, 3]","[0, 1, 2, 3]",2,"{""0"": 2, ""1"": 2, ""2"": 2, ""3"": 2}",effective
34,34,4.016181468963623,4.016181468963623,4.016181468963623,2.3676600456237793,2.3676600456237793,4.201803207397461,4.201803207397461,2.4566822052001953,2.4566822052001953,2.3676600456237793,0.4201803207397461,1.2283411026000977,0.3125,0.3125,0.2502091289325333,0.2502091289325333,0.31341721222040375,8,64,1.0,64,64.0,"[0, 1, 2, 3, 4, 5, 6, 7, 8, 9, 10, 11]","[[0, 1, 2, 3, 4, 5, 6, 7, 8, 9, 10, 11]]",1.0,0,0,0,1.0,1,1,1,0,1.0,1.0,1.0,0.996551724137931,0.16504981415346265,1.0218287706375122,389.3883764061029,mmbind_weighted_contrastive,1.0,"[""client_014"", ""client_039"", ""client_003"", ""client_002"", ""client_021"", ""client_033"", ""client_023"", ""client_013""]","[0, 1, 2, 3]","[0, 1, 2, 3]",2,"{""0"": 2, ""1"": 2, ""2"": 2, ""3"": 2}",effective
35,35,4.026862621307373,4.026862621307373,4.026862621307373,2.384256362915039,2.384256362915039,4.122498035430908,4.122498035430908,2.4607126712799072,2.4607126712799072,2.384256362915039,0.4122498035430908,1.2303563356399536,0.3125,0.3125,0.23058261183261186,0.23058261183261186,0.2398826433982684,8,64,1.0,64,64.0,"[0, 1, 2, 3, 4, 5, 6, 7, 8, 9, 10, 11]","[[0, 1, 2, 3, 4, 5, 6, 7, 8, 9, 10, 11]]",1.0,0,0,0,1.0,1,1,1,0,1.0,1.0,1.0,1.0,0.15790492901578546,1.0804267227649689,394.3545468696684,mmbind_weighted_contrastive,1.0,"[""client_016"", ""client_001"", ""client_036"", ""client_019"", ""client_027"", ""client_022"", ""client_008"", ""client_035""]","[0, 1, 2, 3]","[0, 1, 2, 3]",2,"{""0"": 2, ""1"": 2, ""2"": 2, ""3"": 2}",effective
36,36,3.975219249725342,3.975219249725342,3.975219249725342,2.334923028945923,2.334923028945923,4.157554626464844,4.157554626464844,2.4490816593170166,2.4490816593170166,2.334923028945923,0.4157554805278778,1.2245408296585083,0.421875,0.421875,0.2949905479510743,0.2949905479510743,0.40297689335518283,8,64,1.0,64,64.0,"[0, 1, 2, 3, 4, 5, 6, 7, 8, 9, 10, 11]","[[0, 1, 2, 3, 4, 5, 6, 7, 8, 9, 10, 11]]",1.0,0,0,0,1.0,1,1,1,0,1.0,1.0,1.0,0.9969230769230769,0.15053684869781137,1.20981565117836,384.8927490284841,mmbind_weighted_contrastive,1.0,"[""client_034"", ""client_033"", ""client_007"", ""client_006"", ""client_010"", ""client_020"", ""client_022"", ""client_018""]","[0, 1, 2, 3]","[0, 1, 2, 3]",2,"{""0"": 2, ""1"": 2, ""2"": 2, ""3"": 2}",effective
37,37,3.960629463195801,3.960629463195801,3.960629463195801,2.312959909439087,2.312959909439087,4.258205413818359,4.258205413818359,2.443697929382324,2.443697929382324,2.312959909439087,0.42582055926322937,1.221848964691162,0.375,0.375,0.3666960490489903,0.3666960490489903,0.3672221773324715,8,64,1.0,64,64.0,"[0, 1, 2, 3, 4, 5, 6, 7, 8, 9, 10]","[[0, 1, 2, 3, 4, 5, 6, 7, 8, 9, 10]]",1.0,0,0,0,1.0,1,1,1,0,1.0,1.0,1.0,0.9956363636363637,0.15144373197108507,1.3465993404388428,381.8969372155261,mmbind_weighted_contrastive,1.0,"[""client_021"", ""client_031"", ""client_038"", ""client_016"", ""client_013"", ""client_005"", ""client_026"", ""client_003""]","[0, 1, 2, 3]","[0, 1, 2, 3]",2,"{""0"": 2, ""1"": 2, ""2"": 2, ""3"": 2}",effective
38,38,3.9540064334869385,3.9540064334869385,3.9540064334869385,2.3202149868011475,2.3202149868011475,4.098719120025635,4.098719120025635,2.4478392601013184,2.4478392601013184,2.3202149868011475,0.409871906042099,1.2239196300506592,0.390625,0.390625,0.3286923745203591,0.3286923745203591,0.35508672202049124,8,64,1.0,64,64.0,"[0, 1, 2, 3, 4, 5, 6, 7, 8, 9, 10, 11]","[[0, 1, 2, 3, 4, 5, 6, 7, 8, 9, 10, 11]]",1.0,0,0,0,1.0,1,1,1,0,1.0,1.0,1.0,0.9958620689655172,0.1504079969599843,1.488719642162323,381.2485363284068,mmbind_weighted_contrastive,1.0,"[""client_023"", ""client_019"", ""client_030"", ""client_009"", ""client_008"", ""client_035"", ""client_027"", ""client_017""]","[0, 1, 2, 3]","[0, 1, 2, 3]",2,"{""0"": 2, ""1"": 2, ""2"": 2, ""3"": 2}",effective
39,39,3.982682704925537,3.982682704925537,3.982682704925537,2.3332481384277344,2.3332481384277344,4.224917411804199,4.224917411804199,2.453885555267334,2.453885555267334,2.3332481384277344,0.42249175906181335,1.226942777633667,0.421875,0.421875,0.2488215488215488,0.2488215488215488,0.32815656565656565,8,64,1.0,64,64.0,"[0, 1, 2, 3, 4, 5, 6, 7, 8, 9, 10, 11]","[[0, 1, 2, 3, 4, 5, 6, 7, 8, 9, 10, 11]]",1.0,0,0,0,1.0,1,1,1,0,1.0,1.0,1.0,0.9973770491803279,0.15104698995128274,1.5837383270263672,382.4882867389242,mmbind_weighted_contrastive,1.0,"[""client_037"", ""client_024"", ""client_014"", ""client_036"", ""client_029"", ""client_011"", ""client_004"", ""client_001""]","[0, 1, 2, 3]","[0, 1, 2, 3]",2,"{""0"": 2, ""1"": 2, ""2"": 2, ""3"": 2}",effective
40,40,3.9588751792907715,3.9588751792907715,3.9588751792907715,2.316103458404541,2.316103458404541,4.195304870605469,4.195304870605469,2.4464828968048096,2.4464828968048096,2.316103458404541,0.4195304811000824,1.2232414484024048,0.46875,0.46875,0.4112070935600347,0.4112070935600347,0.47152749211572736,8,64,1.0,64,64.0,"[0, 1, 2, 3, 4, 5, 6, 7, 8, 9, 10, 11]","[[0, 1, 2, 3, 4, 5, 6, 7, 8, 9, 10, 11]]",1.0,0,0,0,1.0,1,1,1,0,1.0,1.0,1.0,1.0,0.15176876727491617,1.6667999625205994,376.7623022515618,mmbind_weighted_contrastive,1.0,"[""client_000"", ""client_012"", ""client_039"", ""client_025"", ""client_032"", ""client_028"", ""client_015"", ""client_002""]","[0, 1, 2, 3]","[0, 1, 2, 3]",2,"{""0"": 2, ""1"": 2, ""2"": 2, ""3"": 2}",effective
41,41,3.933065176010132,3.933065176010132,3.933065176010132,2.2986650466918945,2.2986650466918945,4.116642951965332,4.116642951965332,2.44547176361084,2.44547176361084,2.2986650466918945,0.41166430711746216,1.22273588180542,0.28125,0.28125,0.25886797497609737,0.25886797497609737,0.23811235794917668,8,64,1.0,64,64.0,"[0, 1, 2, 3, 4, 5, 6, 7, 8, 9, 10, 11]","[[0, 1, 2, 3, 4, 5, 6, 7, 8, 9, 10, 11]]",1.0,0,0,0,1.0,1,1,1,0,1.0,1.0,1.0,0.997626112759644,0.14990423899143934,1.772603452205658,370.20012623653747,mmbind_weighted_contrastive,1.0,"[""client_027"", ""client_009"", ""client_036"", ""client_012"", ""client_017"", ""client_006"", ""client_023"", ""client_035""]","[0, 1, 2, 3]","[0, 1, 2, 3]",2,"{""0"": 2, ""1"": 2, ""2"": 2, ""3"": 2}",effective
42,42,3.929723024368286,3.929723024368286,3.929723024368286,2.292599678039551,2.292599678039551,4.169471263885498,4.169471263885498,2.440352439880371,2.440352439880371,2.292599678039551,0.4169471263885498,1.2201762199401855,0.28125,0.28125,0.3504101958647413,0.3504101958647413,0.26378257159507157,8,64,1.0,64,64.0,"[0, 1, 2, 3, 4, 5, 6, 7, 8, 9, 10, 11]","[[0, 1, 2, 3, 4, 5, 6, 7, 8, 9, 10, 11]]",1.0,0,0,0,1.0,1,1,1,0,1.0,1.0,1.0,0.9966101694915255,0.15263489400967956,1.844924658536911,377.17444762357627,mmbind_weighted_contrastive,1.0,"[""client_037"", ""client_028"", ""client_014"", ""client_019"", ""client_033"", ""client_007"", ""client_000"", ""client_024""]","[0, 1, 2, 3]","[0, 1, 2, 3]",2,"{""0"": 2, ""1"": 2, ""2"": 2, ""3"": 2}",effective
43,43,3.899961471557617,3.899961471557617,3.899961471557617,2.267636775970459,2.267636775970459,4.164589881896973,4.164589881896973,2.4317312240600586,2.4317312240600586,2.267636775970459,0.41645899415016174,1.2158656120300293,0.296875,0.296875,0.17006911217437534,0.17006911217437534,0.20288078149920255,8,64,1.0,64,64.0,"[0, 1, 2, 3, 4, 5, 6, 7, 8, 9, 10, 11]","[[0, 1, 2, 3, 4, 5, 6, 7, 8, 9, 10, 11]]",1.0,0,0,0,1.0,1,1,1,0,1.0,1.0,1.0,0.9967654986522911,0.14945732802152634,1.9854662120342255,370.84446725205635,mmbind_weighted_contrastive,1.0,"[""client_026"", ""client_020"", ""client_031"", ""client_030"", ""client_010"", ""client_005"", ""client_002"", ""client_016""]","[0, 1, 2, 3]","[0, 1, 2, 3]",2,"{""0"": 2, ""1"": 2, ""2"": 2, ""3"": 2}",effective
44,44,3.8840651512145996,3.8840651512145996,3.8840651512145996,2.2516720294952393,2.2516720294952393,4.193084239959717,4.193084239959717,2.4261693954467773,2.4261693954467773,2.2516720294952393,0.4193084239959717,1.2130846977233887,0.546875,0.546875,0.4285547785547785,0.4285547785547785,0.469111790986791,8,64,1.0,64,64.0,"[0, 1, 2, 3, 4, 5, 6, 7, 8, 9, 10, 11]","[[0, 1, 2, 3, 4, 5, 6, 7, 8, 9, 10, 11]]",1.0,0,0,0,1.0,1,1,1,0,1.0,1.0,1.0,0.9979381443298969,0.15165407909080386,2.1545566618442535,371.0036363514082,mmbind_weighted_contrastive,1.0,"[""client_021"", ""client_013"", ""client_001"", ""client_025"", ""client_018"", ""client_034"", ""client_003"", ""client_039""]","[0, 1, 2, 3]","[0, 1, 2, 3]",2,"{""0"": 2, ""1"": 2, ""2"": 2, ""3"": 2}",effective
45,45,3.8727784156799316,3.8727784156799316,3.8727784156799316,2.240678548812866,2.240678548812866,4.1649370193481445,4.1649370193481445,2.4312124252319336,2.4312124252319336,2.240678548812866,0.4164937138557434,1.2156062126159668,0.453125,0.453125,0.3847924845202522,0.3847924845202522,0.3780822959305264,8,64,1.0,64,64.0,"[0, 1, 2, 3, 4, 5, 6, 7, 8, 9, 10, 11]","[[0, 1, 2, 3, 4, 5, 6, 7, 8, 9, 10, 11]]",1.0,0,0,0,1.0,1,1,1,0,1.0,1.0,1.0,1.0,0.15068479580804706,2.2799613773822784,369.0147616288159,mmbind_weighted_contrastive,1.0,"[""client_011"", ""client_008"", ""client_029"", ""client_032"", ""client_022"", ""client_038"", ""client_015"", ""client_004""]","[0, 1, 2, 3]","[0, 1, 2, 3]",2,"{""0"": 2, ""1"": 2, ""2"": 2, ""3"": 2}",effective
46,46,3.8320488929748535,3.8320488929748535,3.8320488929748535,2.207533836364746,2.207533836364746,4.141086578369141,4.141086578369141,2.4208128452301025,2.4208128452301025,2.207533836364746,0.41410866379737854,1.2104064226150513,0.46875,0.46875,0.4354423354423354,0.4354423354423354,0.456034416971917,8,64,1.0,64,64.0,"[0, 1, 2, 3, 4, 5, 6, 7, 8, 9, 10]","[[0, 1, 2, 3, 4, 5, 6, 7, 8, 9, 10]]",1.0,0,0,0,1.0,1,1,1,0,1.0,1.0,1.0,0.9981132075471698,0.15124859707430005,2.427907407283783,358.5252656554803,mmbind_weighted_contrastive,1.0,"[""client_031"", ""client_015"", ""client_021"", ""client_023"", ""client_002"", ""client_004"", ""client_037"", ""client_018""]","[0, 1, 2, 3]","[0, 1, 2, 3]",2,"{""0"": 2, ""1"": 2, ""2"": 2, ""3"": 2}",effective
47,47,3.827728033065796,3.827728033065796,3.827728033065796,2.2130672931671143,2.2130672931671143,4.0254387855529785,4.0254387855529785,2.424233913421631,2.424233913421631,2.2130672931671143,0.4025438725948334,1.2121169567108154,0.421875,0.421875,0.34530296701349333,0.34530296701349333,0.3395992941634389,8,64,1.0,64,64.0,"[0, 1, 2, 3, 4, 5, 6, 7, 8, 9, 10, 11]","[[0, 1, 2, 3, 4, 5, 6, 7, 8, 9, 10, 11]]",1.0,0,0,0,1.0,1,1,1,0,1.0,1.0,1.0,0.9972911963882618,0.1529218563809991,2.5714492797851562,364.129310947028,mmbind_weighted_contrastive,1.0,"[""client_033"", ""client_019"", ""client_008"", ""client_001"", ""client_029"", ""client_025"", ""client_039"", ""client_016""]","[0, 1, 2, 3]","[0, 1, 2, 3]",2,"{""0"": 2, ""1"": 2, ""2"": 2, ""3"": 2}",effective
48,48,3.7484230995178223,3.7484230995178223,3.7484230995178223,2.131352663040161,2.131352663040161,4.124587059020996,4.124587059020996,2.4092235565185547,2.4092235565185547,2.131352663040161,0.41245871782302856,1.2046117782592773,0.625,0.625,0.4736429054380373,0.4736429054380373,0.5662541956437748,8,64,1.0,64,64.0,"[0, 1, 2, 3, 4, 5, 6, 7, 8, 9, 10, 11]","[[0, 1, 2, 3, 4, 5, 6, 7, 8, 9, 10, 11]]",1.0,0,0,0,1.0,1,1,1,0,1.0,1.0,1.0,0.9974025974025974,0.14762314315885305,2.82191926240921,356.48383077792823,mmbind_weighted_contrastive,1.0,"[""client_012"", ""client_035"", ""client_032"", ""client_000"", ""client_022"", ""client_024"", ""client_009"", ""client_010""]","[0, 1, 2, 3]","[0, 1, 2, 3]",2,"{""0"": 2, ""1"": 2, ""2"": 2, ""3"": 2}",effective
49,49,3.646381378173828,3.646381378173828,3.646381378173828,2.046107053756714,2.046107053756714,4.08266019821167,4.08266019821167,2.384016752243042,2.384016752243042,2.046107053756714,0.4082660377025604,1.192008376121521,0.78125,0.78125,0.6101078258972996,0.6101078258972996,0.749740169065827,8,64,1.0,64,64.0,"[0, 1, 2, 3, 4, 5, 6, 7, 8, 9, 10, 11]","[[0, 1, 2, 3, 4, 5, 6, 7, 8, 9, 10, 11]]",1.0,0,0,0,1.0,1,1,1,0,1.0,1.0,1.0,0.9983367983367983,0.15400810493156314,3.1030032634735107,356.78081658598967,mmbind_weighted_contrastive,1.0,"[""client_034"", ""client_020"", ""client_017"", ""client_026"", ""client_014"", ""client_007"", ""client_003"", ""client_030""]","[0, 1, 2, 3]","[0, 1, 2, 3]",2,"{""0"": 2, ""1"": 2, ""2"": 2, ""3"": 2}",effective
50,50,3.7427666187286377,3.7427666187286377,3.7427666187286377,2.131279945373535,2.131279945373535,4.136447429656982,4.136447429656982,2.395683765411377,2.395683765411377,2.131279945373535,0.4136447608470917,1.1978418827056885,0.5625,0.5625,0.4325550266726738,0.4325550266726738,0.5081791982527276,8,64,1.0,64,64.0,"[0, 1, 2, 3, 4, 5, 6, 7, 8, 9, 10, 11]","[[0, 1, 2, 3, 4, 5, 6, 7, 8, 9, 10, 11]]",1.0,0,0,0,1.0,1,1,1,0,1.0,1.0,1.0,1.0,0.14920307090505958,3.2387054562568665,357.6359391757578,mmbind_weighted_contrastive,1.0,"[""client_028"", ""client_011"", ""client_013"", ""client_038"", ""client_005"", ""client_006"", ""client_036"", ""client_027""]","[0, 1, 2, 3]","[0, 1, 2, 3]",2,"{""0"": 2, ""1"": 2, ""2"": 2, ""3"": 2}",effective
51,51,3.7135415077209473,3.7135415077209473,3.7135415077209473,2.1056923866271973,2.1056923866271973,4.123570442199707,4.123570442199707,2.390984296798706,2.390984296798706,2.1056923866271973,0.41235706210136414,1.195492148399353,0.515625,0.515625,0.41773653906006847,0.41773653906006847,0.5089796335200747,8,64,1.0,64,64.0,"[0, 1, 2, 3, 4, 5, 6, 7, 8, 9, 10, 11]","[[0, 1, 2, 3, 4, 5, 6, 7, 8, 9, 10, 11]]",1.0,0,0,0,1.0,1,1,1,0,1.0,1.0,1.0,0.9984644913627639,0.15094704693183303,3.3563700914382935,348.1590516117867,mmbind_weighted_contrastive,1.0,"[""client_018"", ""client_003"", ""client_020"", ""client_035"", ""client_034"", ""client_017"", ""client_001"", ""client_027""]","[0, 1, 2, 3]","[0, 1, 2, 3]",2,"{""0"": 2, ""1"": 2, ""2"": 2, ""3"": 2}",effective
52,52,3.6644017696380615,3.6644017696380615,3.6644017696380615,2.0650222301483154,2.0650222301483154,4.043918609619141,4.043918609619141,2.3899755477905273,2.3899755477905273,2.0650222301483154,0.4043918550014496,1.1949877738952637,0.5625,0.5625,0.4493357487922705,0.4493357487922705,0.45147192028985506,8,64,1.0,64,64.0,"[0, 1, 2, 3, 4, 5, 6, 7, 8, 9, 10, 11]","[[0, 1, 2, 3, 4, 5, 6, 7, 8, 9, 10, 11]]",1.0,0,0,0,1.0,1,1,1,0,1.0,1.0,1.0,0.9977859778597786,0.1519006472080946,3.509139448404312,342.91796991656884,mmbind_weighted_contrastive,1.0,"[""client_008"", ""client_006"", ""client_015"", ""client_032"", ""client_021"", ""client_013"", ""client_039"", ""client_022""]","[0, 1, 2, 3]","[0, 1, 2, 3]",2,"{""0"": 2, ""1"": 2, ""2"": 2, ""3"": 2}",effective
53,53,3.6746416091918945,3.6746416091918945,3.6746416091918945,2.072033405303955,2.072033405303955,4.055481433868408,4.055481433868408,2.394120216369629,2.394120216369629,2.072033405303955,0.4055481553077698,1.1970601081848145,0.609375,0.609375,0.49089465745812494,0.49089465745812494,0.5413563249186314,8,64,1.0,64,64.0,"[0, 1, 2, 3, 4, 5, 6, 7, 8, 9, 10, 11]","[[0, 1, 2, 3, 4, 5, 6, 7, 8, 9, 10, 11]]",1.0,0,0,0,1.0,1,1,1,0,1.0,1.0,1.0,0.9978685612788633,0.14979408029466867,3.6472451984882355,345.8233231222257,mmbind_weighted_contrastive,1.0,"[""client_036"", ""client_009"", ""client_038"", ""client_019"", ""client_029"", ""client_023"", ""client_004"", ""client_014""]","[0, 1, 2, 3]","[0, 1, 2, 3]",2,"{""0"": 2, ""1"": 2, ""2"": 2, ""3"": 2}",effective
54,54,3.6330041885375977,3.6330041885375977,3.6330041885375977,2.043519973754883,2.043519973754883,3.980672836303711,3.980672836303711,2.38283371925354,2.38283371925354,2.043519973754883,0.39806729555130005,1.19141685962677,0.390625,0.390625,0.3882656646888145,0.3882656646888145,0.3617409396554321,8,64,1.0,64,64.0,"[0, 1, 2, 3, 4, 5, 6, 7, 8, 9, 10, 11]","[[0, 1, 2, 3, 4, 5, 6, 7, 8, 9, 10, 11]]",1.0,0,0,0,1.0,1,1,1,0,1.0,1.0,1.0,0.9986301369863013,0.15148849692195654,3.7819503843784332,341.95693231234327,mmbind_weighted_contrastive,1.0,"[""client_011"", ""client_002"", ""client_030"", ""client_024"", ""client_012"", ""client_007"", ""client_037"", ""client_025""]","[0, 1, 2, 3]","[0, 1, 2, 3]",2,"{""0"": 2, ""1"": 2, ""2"": 2, ""3"": 2}",effective
55,55,3.66953182220459,3.66953182220459,3.66953182220459,2.0626204013824463,2.0626204013824463,4.132043838500977,4.132043838500977,2.387413740158081,2.387413740158081,2.0626204013824463,0.4132044017314911,1.1937068700790405,0.421875,0.421875,0.32023074964251436,0.32023074964251436,0.3720849003937239,8,64,1.0,64,64.0,"[0, 1, 2, 3, 4, 5, 6, 7, 8, 9, 10, 11]","[[0, 1, 2, 3, 4, 5, 6, 7, 8, 9, 10, 11]]",1.0,0,0,0,1.0,1,1,1,0,1.0,1.0,1.0,1.0,0.1514355828985572,3.8349635004997253,341.9818564331508,mmbind_weighted_contrastive,1.0,"[""client_031"", ""client_028"", ""client_000"", ""client_005"", ""client_010"", ""client_016"", ""client_033"", ""client_026""]","[0, 1, 2, 3]","[0, 1, 2, 3]",2,"{""0"": 2, ""1"": 2, ""2"": 2, ""3"": 2}",effective
56,56,3.547279119491577,3.547279119491577,3.547279119491577,1.9595319032669067,1.9595319032669067,4.084994792938232,4.084994792938232,2.3584952354431152,2.3584952354431152,1.9595319032669067,0.40849947929382324,1.1792476177215576,0.53125,0.53125,0.42543040608056076,0.42543040608056076,0.4949659688436777,8,64,1.0,64,64.0,"[0, 1, 2, 3, 4, 5, 6, 7, 8, 9, 10, 11]","[[0, 1, 2, 3, 4, 5, 6, 7, 8, 9, 10, 11]]",1.0,0,0,0,1.0,1,1,1,0,1.0,1.0,1.0,0.9987261146496815,0.16220334265381098,4.009627282619476,332.0218786066107,mmbind_weighted_contrastive,1.0,"[""client_031"", ""client_000"", ""client_016"", ""client_037"", ""client_020"", ""client_021"", ""client_002"", ""client_018""]","[0, 1, 2, 3]","[0, 1, 2, 3]",2,"{""0"": 2, ""1"": 2, ""2"": 2, ""3"": 2}",effective
57,57,3.4022111892700195,3.4022111892700195,3.4022111892700195,1.8407692909240723,1.8407692909240723,3.994342803955078,3.994342803955078,2.3240153789520264,2.3240153789520264,1.8407692909240723,0.39943429827690125,1.1620076894760132,0.59375,0.59375,0.4768058738646974,0.4768058738646974,0.5254547841864018,8,64,1.0,64,64.0,"[0, 1, 2, 3, 4, 5, 6, 7, 8, 9, 10, 11]","[[0, 1, 2, 3, 4, 5, 6, 7, 8, 9, 10, 11]]",1.0,0,0,0,1.0,1,1,1,0,1.0,1.0,1.0,0.9981566820276497,0.15275606606155634,4.280962884426117,329.5281689570693,mmbind_weighted_contrastive,1.0,"[""client_013"", ""client_022"", ""client_019"", ""client_030"", ""client_004"", ""client_034"", ""client_029"", ""client_006""]","[0, 1, 2, 3]","[0, 1, 2, 3]",2,"{""0"": 2, ""1"": 2, ""2"": 2, ""3"": 2}",effective
58,58,3.525564193725586,3.525564193725586,3.525564193725586,1.939217209815979,1.939217209815979,4.078829288482666,4.078829288482666,2.3569276332855225,2.3569276332855225,1.939217209815979,0.4078829288482666,1.1784638166427612,0.5625,0.5625,0.47453379953379954,0.47453379953379954,0.49297421328671326,8,64,1.0,64,64.0,"[0, 1, 2, 3, 4, 5, 6, 7, 8, 9, 10, 11]","[[0, 1, 2, 3, 4, 5, 6, 7, 8, 9, 10, 11]]",1.0,0,0,0,1.0,1,1,1,0,1.0,1.0,1.0,0.9982195845697329,0.1508776620030403,4.387048155069351,327.66326478871633,mmbind_weighted_contrastive,1.0,"[""client_008"", ""client_017"", ""client_014"", ""client_027"", ""client_033"", ""client_032"", ""client_024"", ""client_003""]","[0, 1, 2, 3]","[0, 1, 2, 3]",2,"{""0"": 2, ""1"": 2, ""2"": 2, ""3"": 2}",effective
59,59,3.406198740005493,3.406198740005493,3.406198740005493,1.8396533727645874,1.8396533727645874,4.05051326751709,4.05051326751709,2.3229880332946777,2.3229880332946777,1.8396533727645874,0.4050513207912445,1.1614940166473389,0.671875,0.671875,0.5660594035594035,0.5660594035594035,0.6512366973304473,8,64,1.0,64,64.0,"[0, 1, 2, 3, 4, 5, 6, 7, 8, 9, 10, 11]","[[0, 1, 2, 3, 4, 5, 6, 7, 8, 9, 10, 11]]",1.0,0,0,0,1.0,1,1,1,0,1.0,1.0,1.0,0.9988522238163559,0.15030617266893387,4.614198267459869,327.9789639599039,mmbind_weighted_contrastive,1.0,"[""client_023"", ""client_028"", ""client_001"", ""client_015"", ""client_038"", ""client_036"", ""client_007"", ""client_011""]","[0, 1, 2, 3]","[0, 1, 2, 3]",2,"{""0"": 2, ""1"": 2, ""2"": 2, ""3"": 2}",effective
60,60,3.284773588180542,3.284773588180542,3.284773588180542,1.7370527982711792,1.7370527982711792,3.9877688884735107,3.9877688884735107,2.2978878021240234,2.2978878021240234,1.7370527982711792,0.3987768888473511,1.1489439010620117,0.578125,0.578125,0.5214000035052666,0.5214000035052666,0.5593845189897821,8,64,1.0,64,64.0,"[0, 1, 2, 3, 4, 5, 6, 7, 8, 9, 10]","[[0, 1, 2, 3, 4, 5, 6, 7, 8, 9, 10]]",1.0,0,0,0,1.0,1,1,1,0,1.0,1.0,1.0,1.0,0.153019730001688,4.821866124868393,323.74210306844907,mmbind_weighted_contrastive,1.0,"[""client_025"", ""client_012"", ""client_005"", ""client_009"", ""client_039"", ""client_026"", ""client_035"", ""client_010""]","[0, 1, 2, 3]","[0, 1, 2, 3]",2,"{""0"": 2, ""1"": 2, ""2"": 2, ""3"": 2}",effective
61,61,3.3356690406799316,3.3356690406799316,3.3356690406799316,1.7734326124191284,1.7734326124191284,4.077062129974365,4.077062129974365,2.309060573577881,2.309060573577881,1.7734326124191284,0.40770623087882996,1.1545302867889404,0.578125,0.578125,0.4720006114742957,0.4720006114742957,0.5634528300646722,8,64,1.0,64,64.0,"[0, 1, 2, 3, 4, 5, 6, 7, 8, 9, 10, 11]","[[0, 1, 2, 3, 4, 5, 6, 7, 8, 9, 10, 11]]",1.0,0,0,0,1.0,1,1,1,0,1.0,1.0,1.0,0.9989261744966443,0.15546324709430337,4.978528410196304,314.30580136732897,mmbind_weighted_contrastive,1.0,"[""client_002"", ""client_014"", ""client_028"", ""client_024"", ""client_004"", ""client_031"", ""client_019"", ""client_036""]","[0, 1, 2, 3]","[0, 1, 2, 3]",2,"{""0"": 2, ""1"": 2, ""2"": 2, ""3"": 2}",effective
62,62,3.1208112239837646,3.1208112239837646,3.1208112239837646,1.6020195484161377,1.6020195484161377,3.9189605712890625,3.9189605712890625,2.253791332244873,2.253791332244873,1.6020195484161377,0.3918960690498352,1.1268956661224365,0.765625,0.765625,0.6676346801346802,0.6676346801346802,0.7187342171717173,8,64,1.0,64,64.0,"[0, 1, 2, 3, 4, 5, 6, 7, 8, 9, 10, 11]","[[0, 1, 2, 3, 4, 5, 6, 7, 8, 9, 10, 11]]",1.0,0,0,0,1.0,1,1,1,0,1.0,1.0,1.0,0.9984415584415585,0.15573894511908293,5.33662885427475,317.8380457800813,mmbind_weighted_contrastive,1.0,"[""client_027"", ""client_008"", ""client_035"", ""client_017"", ""client_033"", ""client_003"", ""client_023"", ""client_010""]","[0, 1, 2, 3]","[0, 1, 2, 3]",2,"{""0"": 2, ""1"": 2, ""2"": 2, ""3"": 2}",effective
63,63,3.1292011737823486,3.1292011737823486,3.1292011737823486,1.6014931201934814,1.6014931201934814,3.989664077758789,3.989664077758789,2.25748348236084,2.25748348236084,1.6014931201934814,0.39896640181541443,1.12874174118042,0.625,0.625,0.4715285688969899,0.4715285688969899,0.5842430413154097,8,64,1.0,64,64.0,"[0, 1, 2, 3, 4, 5, 6, 7, 8, 9, 10, 11]","[[0, 1, 2, 3, 4, 5, 6, 7, 8, 9, 10, 11]]",1.0,0,0,0,1.0,1,1,1,0,1.0,1.0,1.0,0.9984905660377359,0.15391172468662262,5.554375648498535,314.24927295409725,mmbind_weighted_contrastive,1.0,"[""client_020"", ""client_011"", ""client_006"", ""client_032"", ""client_038"", ""client_018"", ""client_000"", ""client_029""]","[0, 1, 2, 3]","[0, 1, 2, 3]",2,"{""0"": 2, ""1"": 2, ""2"": 2, ""3"": 2}",effective
64,64,3.0901620388031006,3.0901620388031006,3.0901620388031006,1.5813285112380981,1.5813285112380981,3.8740077018737793,3.8740077018737793,2.242865562438965,2.242865562438965,1.5813285112380981,0.3874007761478424,1.1214327812194824,0.546875,0.546875,0.4584481175390266,0.4584481175390266,0.45592645202020204,8,64,1.0,64,64.0,"[0, 1, 2, 3, 4, 5, 6, 7, 8, 9, 10, 11]","[[0, 1, 2, 3, 4, 5, 6, 7, 8, 9, 10, 11]]",1.0,0,0,0,1.0,1,1,1,0,1.0,1.0,1.0,0.9990243902439024,0.15220680506899953,5.688918471336365,316.88752427703,mmbind_weighted_contrastive,1.0,"[""client_016"", ""client_025"", ""client_030"", ""client_039"", ""client_007"", ""client_021"", ""client_009"", ""client_012""]","[0, 1, 2, 3]","[0, 1, 2, 3]",2,"{""0"": 2, ""1"": 2, ""2"": 2, ""3"": 2}",effective
65,65,3.0926897525787354,3.0926897525787354,3.0926897525787354,1.5744975805282593,1.5744975805282593,3.935481548309326,3.935481548309326,2.2492880821228027,2.2492880821228027,1.5744975805282593,0.3935481607913971,1.1246440410614014,0.578125,0.578125,0.4540185898474668,0.4540185898474668,0.5644206487956488,8,64,1.0,64,64.0,"[0, 1, 2, 3, 4, 5, 6, 7, 8, 9, 10, 11]","[[0, 1, 2, 3, 4, 5, 6, 7, 8, 9, 10, 11]]",1.0,0,0,0,1.0,1,1,1,0,1.0,1.0,1.0,1.0,0.15121614001691341,5.801732122898102,308.36395051536965,mmbind_weighted_contrastive,1.0,"[""client_037"", ""client_022"", ""client_013"", ""client_005"", ""client_034"", ""client_015"", ""client_001"", ""client_026""]","[0, 1, 2, 3]","[0, 1, 2, 3]",2,"{""0"": 2, ""1"": 2, ""2"": 2, ""3"": 2}",effective
66,66,2.964489698410034,2.964489698410034,2.964489698410034,1.4616698026657104,1.4616698026657104,3.9833362102508545,3.9833362102508545,2.208972454071045,2.208972454071045,1.4616698026657104,0.3983336389064789,1.1044862270355225,0.671875,0.671875,0.5782883782883783,0.5782883782883783,0.6302884615384615,8,64,1.0,64,64.0,"[0, 1, 2, 3, 4, 5, 6, 7, 8, 9, 10, 11]","[[0, 1, 2, 3, 4, 5, 6, 7, 8, 9, 10, 11]]",1.0,0,0,0,1.0,1,1,1,0,1.0,1.0,1.0,0.9990825688073395,0.1521781231276691,5.99342668056488,300.76359064743156,mmbind_weighted_contrastive,1.0,"[""client_007"", ""client_038"", ""client_013"", ""client_037"", ""client_020"", ""client_011"", ""client_000"", ""client_021""]","[0, 1, 2, 3]","[0, 1, 2, 3]",2,"{""0"": 2, ""1"": 2, ""2"": 2, ""3"": 2}",effective
67,67,2.9325222969055176,2.9325222969055176,2.9325222969055176,1.4379147291183472,1.4379147291183472,3.953984260559082,3.953984260559082,2.198418378829956,2.198418378829956,1.4379147291183472,0.39539843797683716,1.099209189414978,0.703125,0.703125,0.5988216954968872,0.5988216954968872,0.6675788392660196,8,64,1.0,64,64.0,"[0, 1, 2, 3, 4, 5, 6, 7, 8, 9, 10, 11]","[[0, 1, 2, 3, 4, 5, 6, 7, 8, 9, 10, 11]]",1.0,0,0,0,1.0,1,1,1,0,1.0,1.0,1.0,0.9986651835372636,0.1505009327083826,6.143650680780411,303.26030020206235,mmbind_weighted_contrastive,1.0,"[""client_003"", ""client_002"", ""client_036"", ""client_018"", ""client_025"", ""client_023"", ""client_030"", ""client_019""]","[0, 1, 2, 3]","[0, 1, 2, 3]",2,"{""0"": 2, ""1"": 2, ""2"": 2, ""3"": 2}",effective
68,68,2.7846155166625977,2.7846155166625977,2.7846155166625977,1.3161460161209106,1.3161460161209106,3.9030752182006836,3.9030752182006836,2.1563241481781006,2.1563241481781006,1.3161460161209106,0.3903075158596039,1.0781620740890503,0.765625,0.765625,0.7073945662180956,0.7073945662180956,0.7563213747037276,8,64,1.0,64,64.0,"[0, 1, 2, 3, 4, 5, 6, 7, 8, 9, 10, 11]","[[0, 1, 2, 3, 4, 5, 6, 7, 8, 9, 10, 11]]",1.0,0,0,0,1.0,1,1,1,0,1.0,1.0,1.0,0.9987041036717063,0.17194534093141556,6.398797363042831,297.3251098423789,mmbind_weighted_contrastive,1.0,"[""client_001"", ""client_022"", ""client_034"", ""client_031"", ""client_017"", ""client_029"", ""client_004"", ""client_010""]","[0, 1, 2, 3]","[0, 1, 2, 3]",2,"{""0"": 2, ""1"": 2, ""2"": 2, ""3"": 2}",effective
69,69,3.0122127532958984,3.0122127532958984,3.0122127532958984,1.5109176635742188,1.5109176635742188,3.9667916297912598,3.9667916297912598,2.2092316150665283,2.2092316150665283,1.5109176635742188,0.396679162979126,1.1046158075332642,0.578125,0.578125,0.4919296389884626,0.4919296389884626,0.5721021625433389,8,64,1.0,64,64.0,"[0, 1, 2, 3, 4, 5, 6, 7, 8, 9, 10, 11]","[[0, 1, 2, 3, 4, 5, 6, 7, 8, 9, 10, 11]]",1.0,0,0,0,1.0,1,1,1,0,1.0,1.0,1.0,0.9991605456453305,0.1522918208502233,6.367252826690674,292.9188174959854,mmbind_weighted_contrastive,1.0,"[""client_032"", ""client_006"", ""client_024"", ""client_028"", ""client_005"", ""client_033"", ""client_016"", ""client_012""]","[0, 1, 2, 3]","[0, 1, 2, 3]",2,"{""0"": 2, ""1"": 2, ""2"": 2, ""3"": 2}",effective
70,70,2.7868306636810303,2.7868306636810303,2.7868306636810303,1.3032944202423096,1.3032944202423096,4.066247463226318,4.066247463226318,2.153822898864746,2.153822898864746,1.3032944202423096,0.40662476420402527,1.076911449432373,0.71875,0.71875,0.690291526655163,0.690291526655163,0.6762807504995005,8,64,1.0,64,64.0,"[0, 1, 2, 3, 4, 5, 6, 7, 8, 9, 10]","[[0, 1, 2, 3, 4, 5, 6, 7, 8, 9, 10]]",1.0,0,0,0,1.0,1,1,1,0,1.0,1.0,1.0,1.0,0.15190583281219006,6.445028185844421,296.25052184195374,mmbind_weighted_contrastive,1.0,"[""client_035"", ""client_015"", ""client_027"", ""client_026"", ""client_039"", ""client_009"", ""client_008"", ""client_014""]","[0, 1, 2, 3]","[0, 1, 2, 3]",2,"{""0"": 2, ""1"": 2, ""2"": 2, ""3"": 2}",effective
71,71,2.7318482398986816,2.7318482398986816,2.7318482398986816,1.2605209350585938,1.2605209350585938,4.043301582336426,4.043301582336426,2.1339945793151855,2.1339945793151855,1.2605209350585938,0.40433016419410706,1.0669972896575928,0.609375,0.609375,0.5440747848642585,0.5440747848642585,0.5925195144767512,8,64,1.0,64,64.0,"[0, 1, 2, 3, 4, 5, 6, 7, 8, 9, 10, 11]","[[0, 1, 2, 3, 4, 5, 6, 7, 8, 9, 10, 11]]",1.0,0,0,0,1.0,1,1,1,0,1.0,1.0,1.0,0.999207135777998,0.1469712476246059,6.4740036725997925,286.51654892551596,mmbind_weighted_contrastive,1.0,"[""client_014"", ""client_000"", ""client_027"", ""client_007"", ""client_036"", ""client_015"", ""client_028"", ""client_033""]","[0, 1, 2, 3]","[0, 1, 2, 3]",2,"{""0"": 2, ""1"": 2, ""2"": 2, ""3"": 2}",effective
72,72,2.800788402557373,2.800788402557373,2.800788402557373,1.3416249752044678,1.3416249752044678,3.948855400085449,3.948855400085449,2.1285560131073,2.1285560131073,1.3416249752044678,0.3948855400085449,1.06427800655365,0.5625,0.5625,0.4256105006105006,0.4256105006105006,0.5113438644688645,8,64,1.0,64,64.0,"[0, 1, 2, 3, 4, 5, 6, 7, 8, 9, 10, 11]","[[0, 1, 2, 3, 4, 5, 6, 7, 8, 9, 10, 11]]",1.0,0,0,0,1.0,1,1,1,0,1.0,1.0,1.0,0.9988439306358381,0.15190435526892543,6.386804759502411,287.5858797499386,mmbind_weighted_contrastive,1.0,"[""client_002"", ""client_032"", ""client_020"", ""client_004"", ""client_018"", ""client_025"", ""client_030"", ""client_016""]","[0, 1, 2, 3]","[0, 1, 2, 3]",2,"{""0"": 2, ""1"": 2, ""2"": 2, ""3"": 2}",effective
73,73,2.612912178039551,2.612912178039551,2.612912178039551,1.182738184928894,1.182738184928894,3.870299816131592,3.870299816131592,2.0862879753112793,2.0862879753112793,1.182738184928894,0.3870299756526947,1.0431439876556396,0.6875,0.6875,0.6190002249212775,0.6190002249212775,0.6482920040485831,8,64,1.0,64,64.0,"[0, 1, 2, 3, 4, 5, 6, 7, 8, 9, 10, 11]","[[0, 1, 2, 3, 4, 5, 6, 7, 8, 9, 10, 11]]",1.0,0,0,0,1.0,1,1,1,0,1.0,1.0,1.0,0.998875351452671,0.15124791907146573,6.4631379544734955,288.2421155606862,mmbind_weighted_contrastive,1.0,"[""client_021"", ""client_009"", ""client_039"", ""client_023"", ""client_010"", ""client_006"", ""client_012"", ""client_035""]","[0, 1, 2, 3]","[0, 1, 2, 3]",2,"{""0"": 2, ""1"": 2, ""2"": 2, ""3"": 2}",effective
74,74,2.63862943649292,2.63862943649292,2.63862943649292,1.2006721496582031,1.2006721496582031,3.895902156829834,3.895902156829834,2.096734046936035,2.096734046936035,1.2006721496582031,0.38959023356437683,1.0483670234680176,0.71875,0.71875,0.676127521715757,0.676127521715757,0.6985267591885238,8,64,1.0,64,64.0,"[0, 1, 2, 3, 4, 5, 6, 7, 8, 9, 10, 11]","[[0, 1, 2, 3, 4, 5, 6, 7, 8, 9, 10, 11]]",1.0,0,0,0,1.0,1,1,1,0,1.0,1.0,1.0,0.9992700729927008,0.15138372406363487,6.546334803104401,287.65906288436963,mmbind_weighted_contrastive,1.0,"[""client_029"", ""client_034"", ""client_008"", ""client_001"", ""client_026"", ""client_011"", ""client_031"", ""client_013""]","[0, 1, 2, 3]","[0, 1, 2, 3]",2,"{""0"": 2, ""1"": 2, ""2"": 2, ""3"": 2}",effective
75,75,2.4529526233673096,2.4529526233673096,2.4529526233673096,1.0252317190170288,1.0252317190170288,3.9462599754333496,3.9462599754333496,2.066189765930176,2.066189765930176,1.0252317190170288,0.3946259915828705,1.033094882965088,0.78125,0.78125,0.6901005560096469,0.6901005560096469,0.7508050976800977,8,64,1.0,64,64.0,"[0, 1, 2, 3, 4, 5, 6, 7, 8, 9, 10, 11]","[[0, 1, 2, 3, 4, 5, 6, 7, 8, 9, 10, 11]]",1.0,0,0,0,1.0,1,1,1,0,1.0,1.0,1.0,1.0,0.15207504481077194,6.754445493221283,280.7357265118044,mmbind_weighted_contrastive,1.0,"[""client_019"", ""client_022"", ""client_017"", ""client_005"", ""client_024"", ""client_037"", ""client_038"", ""client_003""]","[0, 1, 2, 3]","[0, 1, 2, 3]",2,"{""0"": 2, ""1"": 2, ""2"": 2, ""3"": 2}",effective
76,76,2.481654167175293,2.481654167175293,2.481654167175293,1.059122085571289,1.059122085571289,3.9450111389160156,3.9450111389160156,2.0560619831085205,2.0560619831085205,1.059122085571289,0.39450111985206604,1.0280309915542603,0.734375,0.734375,0.6716561216561217,0.6716561216561217,0.7011779886779888,8,64,1.0,64,64.0,"[0, 1, 2, 3, 4, 5, 6, 7, 8, 9, 10, 11]","[[0, 1, 2, 3, 4, 5, 6, 7, 8, 9, 10, 11]]",1.0,0,0,0,1.0,1,1,1,0,1.0,1.0,1.0,0.9993079584775086,0.14924175525084138,6.8251403868198395,274.9946659016423,mmbind_weighted_contrastive,1.0,"[""client_019"", ""client_032"", ""client_015"", ""client_007"", ""client_004"", ""client_027"", ""client_024"", ""client_037""]","[0, 1, 2, 3]","[0, 1, 2, 3]",2,"{""0"": 2, ""1"": 2, ""2"": 2, ""3"": 2}",effective
77,77,2.618455410003662,2.618455410003662,2.618455410003662,1.181198239326477,1.181198239326477,4.022271156311035,4.022271156311035,2.0700602531433105,2.0700602531433105,1.181198239326477,0.40222713351249695,1.0350301265716553,0.578125,0.578125,0.5399253524253524,0.5399253524253524,0.5773692453379953,8,64,1.0,64,64.0,"[0, 1, 2, 3, 4, 5, 6, 7, 8, 9, 10, 11]","[[0, 1, 2, 3, 4, 5, 6, 7, 8, 9, 10, 11]]",1.0,0,0,0,1.0,1,1,1,0,1.0,1.0,1.0,0.998989048020219,0.1510528870858252,6.679150283336639,280.0835481059039,mmbind_weighted_contrastive,1.0,"[""client_014"", ""client_033"", ""client_018"", ""client_002"", ""client_029"", ""client_039"", ""client_021"", ""client_000""]","[0, 1, 2, 3]","[0, 1, 2, 3]",2,"{""0"": 2, ""1"": 2, ""2"": 2, ""3"": 2}",effective
78,78,2.2961950302124023,2.2961950302124023,2.2961950302124023,0.8999846577644348,0.8999846577644348,3.9357357025146484,3.9357357025146484,2.0052738189697266,2.0052738189697266,0.8999846577644348,0.3935735821723938,1.0026369094848633,0.828125,0.828125,0.7069112260288731,0.7069112260288731,0.81930349062702,8,64,1.0,64,64.0,"[0, 1, 2, 3, 4, 5, 6, 7, 8, 9, 10, 11]","[[0, 1, 2, 3, 4, 5, 6, 7, 8, 9, 10, 11]]",1.0,0,0,0,1.0,1,1,1,0,1.0,1.0,1.0,0.9990147783251232,0.1515291491523385,6.718283921480179,276.477561253123,mmbind_weighted_contrastive,1.0,"[""client_009"", ""client_023"", ""client_010"", ""client_003"", ""client_035"", ""client_012"", ""client_025"", ""client_038""]","[0, 1, 2, 3]","[0, 1, 2, 3]",2,"{""0"": 2, ""1"": 2, ""2"": 2, ""3"": 2}",effective
79,79,2.4787893295288086,2.4787893295288086,2.4787893295288086,1.0804427862167358,1.0804427862167358,3.8682169914245605,3.8682169914245605,2.023049831390381,2.023049831390381,1.0804427862167358,0.3868217170238495,1.0115249156951904,0.6875,0.6875,0.6559307359307359,0.6559307359307359,0.6510315205627706,8,64,1.0,64,64.0,"[0, 1, 2, 3, 4, 5, 6, 7, 8, 9, 10, 11]","[[0, 1, 2, 3, 4, 5, 6, 7, 8, 9, 10, 11]]",1.0,0,0,0,1.0,1,1,1,0,1.0,1.0,1.0,0.9993594875900721,0.16893611988052726,6.679455190896988,275.12435558924335,mmbind_weighted_contrastive,1.0,"[""client_020"", ""client_005"", ""client_013"", ""client_008"", ""client_036"", ""client_031"", ""client_011"", ""client_028""]","[0, 1, 2, 3]","[0, 1, 2, 3]",2,"{""0"": 2, ""1"": 2, ""2"": 2, ""3"": 2}",effective
80,80,2.406411647796631,2.406411647796631,2.406411647796631,1.0141549110412598,1.0141549110412598,3.9401397705078125,3.9401397705078125,1.9964853525161743,1.9964853525161743,1.0141549110412598,0.3940139710903168,0.9982426762580872,0.609375,0.609375,0.6004782254782255,0.6004782254782255,0.5977325625763127,8,64,1.0,64,64.0,"[0, 1, 2, 3, 4, 5, 6, 7, 8, 9, 10, 11]","[[0, 1, 2, 3, 4, 5, 6, 7, 8, 9, 10, 11]]",1.0,0,0,0,1.0,1,1,1,0,1.0,1.0,1.0,1.0,0.1531823491677642,6.596554160118103,272.37526418379275,mmbind_weighted_contrastive,1.0,"[""client_030"", ""client_022"", ""client_006"", ""client_016"", ""client_026"", ""client_017"", ""client_034"", ""client_001""]","[0, 1, 2, 3]","[0, 1, 2, 3]",2,"{""0"": 2, ""1"": 2, ""2"": 2, ""3"": 2}",effective
81,81,2.2605667114257812,2.2605667114257812,2.2605667114257812,0.8882080316543579,0.8882080316543579,3.930299758911133,3.930299758911133,1.9586573839187622,1.9586573839187622,0.8882080316543579,0.39302998781204224,0.9793286919593811,0.8125,0.8125,0.7365030802530802,0.7365030802530802,0.7992198773448773,8,64,1.0,64,64.0,"[0, 1, 2, 3, 4, 5, 6, 7, 8, 9, 10, 11]","[[0, 1, 2, 3, 4, 5, 6, 7, 8, 9, 10, 11]]",1.0,0,0,0,1.0,1,1,1,0,1.0,1.0,1.0,0.9993907083015994,0.15184302907437086,6.592591941356659,257.7094327439263,mmbind_weighted_contrastive,1.0,"[""client_013"", ""client_024"", ""client_032"", ""client_011"", ""client_002"", ""client_003"", ""client_028"", ""client_034""]","[0, 1, 2, 3]","[0, 1, 2, 3]",2,"{""0"": 2, ""1"": 2, ""2"": 2, ""3"": 2}",effective
82,82,2.1382405757904053,2.1382405757904053,2.1382405757904053,0.8035123944282532,0.8035123944282532,3.8290936946868896,3.8290936946868896,1.9036376476287842,1.9036376476287842,0.8035123944282532,0.3829093873500824,0.9518188238143921,0.828125,0.828125,0.777991452991453,0.777991452991453,0.8098557692307693,8,64,1.0,64,64.0,"[0, 1, 2, 3, 4, 5, 6, 7, 8, 9, 10, 11]","[[0, 1, 2, 3, 4, 5, 6, 7, 8, 9, 10, 11]]",1.0,0,0,0,1.0,1,1,1,0,1.0,1.0,1.0,0.9991084695393759,0.15055250329896808,6.626196563243866,272.3609610736021,mmbind_weighted_contrastive,1.0,"[""client_036"", ""client_023"", ""client_021"", ""client_017"", ""client_007"", ""client_006"", ""client_010"", ""client_037""]","[0, 1, 2, 3]","[0, 1, 2, 3]",2,"{""0"": 2, ""1"": 2, ""2"": 2, ""3"": 2}",effective
83,83,2.1130363941192627,2.1130363941192627,2.1130363941192627,0.78223717212677,0.78223717212677,3.8592958450317383,3.8592958450317383,1.8897391557693481,1.8897391557693481,0.78223717212677,0.38592958450317383,0.9448695778846741,0.765625,0.765625,0.7333651363256627,0.7333651363256627,0.7574702914957849,8,64,1.0,64,64.0,"[0, 1, 2, 3, 4, 5, 6, 7, 8, 9, 10, 11]","[[0, 1, 2, 3, 4, 5, 6, 7, 8, 9, 10, 11]]",1.0,0,0,0,1.0,1,1,1,0,1.0,1.0,1.0,0.9991298042059463,0.1636056681163609,6.616589814424515,271.70096234430093,mmbind_weighted_contrastive,1.0,"[""client_035"", ""client_039"", ""client_022"", ""client_025"", ""client_015"", ""client_014"", ""client_009"", ""client_004""]","[0, 1, 2, 3]","[0, 1, 2, 3]",2,"{""0"": 2, ""1"": 2, ""2"": 2, ""3"": 2}",effective
84,84,2.1611361503601074,2.1611361503601074,2.1611361503601074,0.7924556732177734,0.7924556732177734,3.978212356567383,3.978212356567383,1.9417184591293335,1.9417184591293335,0.7924556732177734,0.39782124757766724,0.9708592295646667,0.84375,0.84375,0.7510198951375422,0.7510198951375422,0.8190435789700496,8,64,1.0,64,64.0,"[0, 1, 2, 3, 4, 5, 6, 7, 8, 9, 10, 11]","[[0, 1, 2, 3, 4, 5, 6, 7, 8, 9, 10, 11]]",1.0,0,0,0,1.0,1,1,1,0,1.0,1.0,1.0,0.9994334277620397,0.16587696596980095,6.5741258561611176,266.39110933148186,mmbind_weighted_contrastive,1.0,"[""client_000"", ""client_018"", ""client_031"", ""client_026"", ""client_001"", ""client_030"", ""client_029"", ""client_012""]","[0, 1, 2, 3]","[0, 1, 2, 3]",2,"{""0"": 2, ""1"": 2, ""2"": 2, ""3"": 2}",effective
85,85,2.265601396560669,2.265601396560669,2.265601396560669,0.924653172492981,0.924653172492981,3.827256679534912,3.827256679534912,1.916445016860962,1.916445016860962,0.924653172492981,0.38272568583488464,0.958222508430481,0.75,0.75,0.6796487747145642,0.6796487747145642,0.7379343541144527,8,64,1.0,64,64.0,"[0, 1, 2, 3, 4, 5, 6, 7, 8, 9, 10, 11]","[[0, 1, 2, 3, 4, 5, 6, 7, 8, 9, 10, 11]]",1.0,0,0,0,1.0,1,1,1,0,1.0,1.0,1.0,1.0,0.15418197819963098,6.441872745752335,262.0106988118205,mmbind_weighted_contrastive,1.0,"[""client_008"", ""client_033"", ""client_027"", ""client_016"", ""client_019"", ""client_005"", ""client_038"", ""client_020""]","[0, 1, 2, 3]","[0, 1, 2, 3]",2,"{""0"": 2, ""1"": 2, ""2"": 2, ""3"": 2}",effective
86,86,2.120708465576172,2.120708465576172,2.120708465576172,0.7843279838562012,0.7843279838562012,3.9189486503601074,3.9189486503601074,1.8889710903167725,1.8889710903167725,0.7843279838562012,0.3918948769569397,0.9444855451583862,0.765625,0.765625,0.7134980215862569,0.7134980215862569,0.7672531512605042,8,64,1.0,64,64.0,"[0, 1, 2, 3, 4, 5, 6, 7, 8, 9, 10, 11]","[[0, 1, 2, 3, 4, 5, 6, 7, 8, 9, 10, 11]]",1.0,0,0,0,1.0,1,1,1,0,1.0,1.0,1.0,0.9994594594594595,0.15097374701872468,6.397089332342148,258.01370106768445,mmbind_weighted_contrastive,1.0,"[""client_021"", ""client_003"", ""client_014"", ""client_028"", ""client_038"", ""client_012"", ""client_035"", ""client_001""]","[0, 1, 2, 3]","[0, 1, 2, 3]",2,"{""0"": 2, ""1"": 2, ""2"": 2, ""3"": 2}",effective
87,87,2.002044439315796,2.002044439315796,2.002044439315796,0.6804581880569458,0.6804581880569458,3.905916690826416,3.905916690826416,1.8619890213012695,1.8619890213012695,0.6804581880569458,0.39059168100357056,0.9309945106506348,0.828125,0.828125,0.7477477477477477,0.7477477477477477,0.8173986486486488,8,64,1.0,64,64.0,"[0, 1, 2, 3, 4, 5, 6, 7, 8, 9, 10, 11]","[[0, 1, 2, 3, 4, 5, 6, 7, 8, 9, 10, 11]]",1.0,0,0,0,1.0,1,1,1,0,1.0,1.0,1.0,0.9992079207920792,0.15014957915991545,6.3273389637470245,262.61506448464934,mmbind_weighted_contrastive,1.0,"[""client_024"", ""client_019"", ""client_000"", ""client_018"", ""client_007"", ""client_030"", ""client_039"", ""client_023""]","[0, 1, 2, 3]","[0, 1, 2, 3]",2,"{""0"": 2, ""1"": 2, ""2"": 2, ""3"": 2}",effective
88,88,2.1205151081085205,2.1205151081085205,2.1205151081085205,0.831129789352417,0.831129789352417,3.8934860229492188,3.8934860229492188,1.8000733852386475,1.8000733852386475,0.831129789352417,0.3893485963344574,0.9000366926193237,0.796875,0.796875,0.7627431658282041,0.7627431658282041,0.771590877153537,8,64,1.0,64,64.0,"[0, 1, 2, 3, 4, 5, 6, 7, 8, 9, 10, 11]","[[0, 1, 2, 3, 4, 5, 6, 7, 8, 9, 10, 11]]",1.0,0,0,0,1.0,1,1,1,0,1.0,1.0,1.0,0.9992258064516129,0.15228987205773592,6.160797417163849,252.31382910182583,mmbind_weighted_contrastive,1.0,"[""client_025"", ""client_017"", ""client_032"", ""client_033"", ""client_029"", ""client_002"", ""client_009"", ""client_011""]","[0, 1, 2, 3]","[0, 1, 2, 3]",2,"{""0"": 2, ""1"": 2, ""2"": 2, ""3"": 2}",effective
89,89,2.213020086288452,2.213020086288452,2.213020086288452,0.8803410530090332,0.8803410530090332,3.937647581100464,3.937647581100464,1.877828598022461,1.877828598022461,0.8803410530090332,0.39376476407051086,0.9389142990112305,0.625,0.625,0.554359243697479,0.554359243697479,0.6163996848739496,8,64,1.0,64,64.0,"[0, 1, 2, 3, 4, 5, 6, 7, 8, 9, 10, 11]","[[0, 1, 2, 3, 4, 5, 6, 7, 8, 9, 10, 11]]",1.0,0,0,0,1.0,1,1,1,0,1.0,1.0,1.0,0.9994952681388013,0.15397513704374433,5.854799896478653,258.85000432434026,mmbind_weighted_contrastive,1.0,"[""client_005"", ""client_015"", ""client_036"", ""client_004"", ""client_022"", ""client_010"", ""client_020"", ""client_031""]","[0, 1, 2, 3]","[0, 1, 2, 3]",2,"{""0"": 2, ""1"": 2, ""2"": 2, ""3"": 2}",effective
90,90,2.014235496520996,2.014235496520996,2.014235496520996,0.686894416809082,0.686894416809082,4.0204081535339355,4.0204081535339355,1.8506006002426147,1.8506006002426147,0.686894416809082,0.4020408093929291,0.9253003001213074,0.796875,0.796875,0.5947496947496947,0.5947496947496947,0.7774954212454213,8,64,1.0,64,64.0,"[0, 1, 2, 3, 4, 5, 6, 7, 8, 9, 10, 11]","[[0, 1, 2, 3, 4, 5, 6, 7, 8, 9, 10, 11]]",1.0,0,0,0,1.0,1,1,1,0,1.0,1.0,1.0,1.0,0.1478545367717743,5.7024834752082825,247.5164275552961,mmbind_weighted_contrastive,1.0,"[""client_027"", ""client_006"", ""client_034"", ""client_016"", ""client_026"", ""client_013"", ""client_008"", ""client_037""]","[0, 1, 2, 3]","[0, 1, 2, 3]",2,"{""0"": 2, ""1"": 2, ""2"": 2, ""3"": 2}",effective
91,91,1.877115249633789,1.877115249633789,1.877115249633789,0.5853172540664673,0.5853172540664673,3.9312961101531982,3.9312961101531982,1.7973368167877197,1.7973368167877197,0.5853172540664673,0.3931296169757843,0.8986684083938599,0.84375,0.84375,0.7835612100317982,0.7835612100317982,0.8423731905349552,8,64,1.0,64,64.0,"[0, 1, 2, 3, 4, 5, 6, 7, 8, 9, 10, 11]","[[0, 1, 2, 3, 4, 5, 6, 7, 8, 9, 10, 11]]",1.0,0,0,0,1.0,1,1,1,0,1.0,1.0,1.0,0.9995171997585999,0.1509884768165648,5.630090206861496,248.18751323010656,mmbind_weighted_contrastive,1.0,"[""client_006"", ""client_011"", ""client_028"", ""client_008"", ""client_023"", ""client_016"", ""client_031"", ""client_039""]","[0, 1, 2, 3]","[0, 1, 2, 3]",2,"{""0"": 2, ""1"": 2, ""2"": 2, ""3"": 2}",effective
92,92,1.8530867099761963,1.8530867099761963,1.8530867099761963,0.5803669095039368,0.5803669095039368,3.937514066696167,3.937514066696167,1.7579368352890015,1.7579368352890015,0.5803669095039368,0.3937514126300812,0.8789684176445007,0.84375,0.84375,0.818687343358396,0.818687343358396,0.8442698543233083,8,64,1.0,64,64.0,"[0, 1, 2, 3, 4, 5, 6, 7, 8, 9, 10, 11]","[[0, 1, 2, 3, 4, 5, 6, 7, 8, 9, 10, 11]]",1.0,0,0,0,1.0,1,1,1,0,1.0,1.0,1.0,0.9992916174734356,0.1504988120868802,5.5291281044483185,245.55954433296574,mmbind_weighted_contrastive,1.0,"[""client_034"", ""client_029"", ""client_003"", ""client_013"", ""client_015"", ""client_035"", ""client_026"", ""client_004""]","[0, 1, 2, 3]","[0, 1, 2, 3]",2,"{""0"": 2, ""1"": 2, ""2"": 2, ""3"": 2}",effective
93,93,1.8779404163360596,1.8779404163360596,1.8779404163360596,0.5696407556533813,0.5696407556533813,3.988720655441284,3.988720655441284,1.8188550472259521,1.8188550472259521,0.5696407556533813,0.3988720774650574,0.9094275236129761,0.875,0.875,0.8653078403078404,0.8653078403078404,0.8709979256854257,8,64,1.0,64,64.0,"[0, 1, 2, 3, 4, 5, 6, 7, 8, 9, 10, 11]","[[0, 1, 2, 3, 4, 5, 6, 7, 8, 9, 10, 11]]",1.0,0,0,0,1.0,1,1,1,0,1.0,1.0,1.0,0.9993067590987869,0.16491511929780245,5.374111741781235,247.48261615727097,mmbind_weighted_contrastive,1.0,"[""client_021"", ""client_017"", ""client_030"", ""client_038"", ""client_005"", ""client_027"", ""client_007"", ""client_012""]","[0, 1, 2, 3]","[0, 1, 2, 3]",2,"{""0"": 2, ""1"": 2, ""2"": 2, ""3"": 2}",effective
94,94,1.7118946313858032,1.7118946313858032,1.7118946313858032,0.46766427159309387,0.46766427159309387,3.8892619609832764,3.8892619609832764,1.7106082439422607,1.7106082439422607,0.46766427159309387,0.3889262080192566,0.8553041219711304,0.859375,0.859375,0.6765641085494026,0.6765641085494026,0.8515758266447604,8,64,1.0,64,64.0,"[0, 1, 2, 3, 4, 5, 6, 7, 8, 9, 10]","[[0, 1, 2, 3, 4, 5, 6, 7, 8, 9, 10]]",1.0,0,0,0,1.0,1,1,1,0,1.0,1.0,1.0,0.9995475113122172,0.14856752194464207,5.271830320358276,250.53407664049882,mmbind_weighted_contrastive,1.0,"[""client_009"", ""client_000"", ""client_014"", ""client_033"", ""client_010"", ""client_022"", ""client_037"", ""client_025""]","[0, 1, 2, 3]","[0, 1, 2, 3]",2,"{""0"": 2, ""1"": 2, ""2"": 2, ""3"": 2}",effective
95,95,1.8675503730773926,1.8675503730773926,1.8675503730773926,0.5983444452285767,0.5983444452285767,3.899923086166382,3.899923086166382,1.7584271430969238,1.7584271430969238,0.5983444452285767,0.3899923264980316,0.8792135715484619,0.8125,0.8125,0.7916744871290325,0.7916744871290325,0.7905472132034632,8,64,1.0,64,64.0,"[0, 1, 2, 3, 4, 5, 6, 7, 8, 9, 10, 11]","[[0, 1, 2, 3, 4, 5, 6, 7, 8, 9, 10, 11]]",1.0,0,0,0,1.0,1,1,1,0,1.0,1.0,1.0,1.0,0.15126856043934822,5.1970265209674835,252.78461051068734,mmbind_weighted_contrastive,1.0,"[""client_019"", ""client_036"", ""client_020"", ""client_024"", ""client_002"", ""client_032"", ""client_018"", ""client_001""]","[0, 1, 2, 3]","[0, 1, 2, 3]",2,"{""0"": 2, ""1"": 2, ""2"": 2, ""3"": 2}",effective
96,96,1.767810583114624,1.767810583114624,1.767810583114624,0.49909186363220215,0.49909186363220215,3.937638759613037,3.937638759613037,1.7499096393585205,1.7499096393585205,0.49909186363220215,0.39376387000083923,0.8749548196792603,0.859375,0.859375,0.8200937950937951,0.8200937950937951,0.8353484623015873,8,64,1.0,64,64.0,"[0, 1, 2, 3, 4, 5, 6, 7, 8, 9, 10, 11]","[[0, 1, 2, 3, 4, 5, 6, 7, 8, 9, 10, 11]]",1.0,0,0,0,1.0,1,1,1,0,1.0,1.0,1.0,0.9995661605206074,0.14944573072716594,5.038721680641174,244.66775480800425,mmbind_weighted_contrastive,1.0,"[""client_022"", ""client_002"", ""client_000"", ""client_016"", ""client_026"", ""client_019"", ""client_039"", ""client_033""]","[0, 1, 2, 3]","[0, 1, 2, 3]",2,"{""0"": 2, ""1"": 2, ""2"": 2, ""3"": 2}",effective
97,97,1.826535701751709,1.826535701751709,1.826535701751709,0.5709711909294128,0.5709711909294128,3.9002647399902344,3.9002647399902344,1.7310758829116821,1.7310758829116821,0.5709711909294128,0.3900264799594879,0.8655379414558411,0.828125,0.828125,0.7762309814941396,0.7762309814941396,0.8160673938634464,8,64,1.0,64,64.0,"[0, 1, 2, 3, 4, 5, 6, 7, 8, 9, 10, 11]","[[0, 1, 2, 3, 4, 5, 6, 7, 8, 9, 10, 11]]",1.0,0,0,0,1.0,1,1,1,0,1.0,1.0,1.0,0.9993627190653213,0.15189963206648827,4.961404889822006,239.9355799186742,mmbind_weighted_contrastive,1.0,"[""client_036"", ""client_037"", ""client_004"", ""client_012"", ""client_017"", ""client_027"", ""client_005"", ""client_021""]","[0, 1, 2, 3]","[0, 1, 2, 3]",2,"{""0"": 2, ""1"": 2, ""2"": 2, ""3"": 2}",effective
98,98,1.8257250785827637,1.8257250785827637,1.8257250785827637,0.56967693567276,0.56967693567276,3.872875213623047,3.872875213623047,1.7375211715698242,1.7375211715698242,0.56967693567276,0.38728752732276917,0.8687605857849121,0.796875,0.796875,0.7540927482103953,0.7540927482103953,0.7713176937441644,8,64,1.0,64,64.0,"[0, 1, 2, 3, 4, 5, 6, 7, 8, 9, 10, 11]","[[0, 1, 2, 3, 4, 5, 6, 7, 8, 9, 10, 11]]",1.0,0,0,0,1.0,1,1,1,0,1.0,1.0,1.0,0.999375650364204,0.15039718197658658,4.7775430381298065,241.0662845679617,mmbind_weighted_contrastive,1.0,"[""client_006"", ""client_018"", ""client_020"", ""client_034"", ""client_025"", ""client_035"", ""client_008"", ""client_011""]","[0, 1, 2, 3]","[0, 1, 2, 3]",2,"{""0"": 2, ""1"": 2, ""2"": 2, ""3"": 2}",effective
99,99,1.7040603160858154,1.7040603160858154,1.7040603160858154,0.4213743805885315,0.4213743805885315,4.01220178604126,4.01220178604126,1.7629315853118896,1.7629315853118896,0.4213743805885315,0.4012201726436615,0.8814657926559448,0.859375,0.859375,0.7837497711969988,0.7837497711969988,0.863801807068061,8,64,1.0,64,64.0,"[0, 1, 2, 3, 4, 5, 6, 7, 8, 9, 10, 11]","[[0, 1, 2, 3, 4, 5, 6, 7, 8, 9, 10, 11]]",1.0,0,0,0,1.0,1,1,1,0,1.0,1.0,1.0,0.9995920448750637,0.15582950878888369,4.644198149442673,243.24350044733728,mmbind_weighted_contrastive,1.0,"[""client_030"", ""client_013"", ""client_014"", ""client_009"", ""client_024"", ""client_029"", ""client_007"", ""client_032""]","[0, 1, 2, 3]","[0, 1, 2, 3]",2,"{""0"": 2, ""1"": 2, ""2"": 2, ""3"": 2}",effective
100,100,1.6884636878967285,1.6884636878967285,1.6884636878967285,0.45867735147476196,0.45867735147476196,3.894430160522461,3.894430160522461,1.6806867122650146,1.6806867122650146,0.45867735147476196,0.3894430100917816,0.8403433561325073,0.8125,0.8125,0.7162448662448662,0.7162448662448662,0.8086299117549117,8,64,1.0,64,64.0,"[0, 1, 2, 3, 4, 5, 6, 7, 8, 9, 10, 11]","[[0, 1, 2, 3, 4, 5, 6, 7, 8, 9, 10, 11]]",1.0,0,0,0,1.0,1,1,1,0,1.0,1.0,1.0,1.0,0.1566480123437941,4.590287834405899,250.1227608913032,mmbind_weighted_contrastive,1.0,"[""client_015"", ""client_003"", ""client_028"", ""client_010"", ""client_023"", ""client_001"", ""client_038"", ""client_031""]","[0, 1, 2, 3]","[0, 1, 2, 3]",2,"{""0"": 2, ""1"": 2, ""2"": 2, ""3"": 2}",effective
101,101,1.853747010231018,1.853747010231018,1.853747010231018,0.5931598544120789,0.5931598544120789,3.865748882293701,3.865748882293701,1.7480244636535645,1.7480244636535645,0.5931598544120789,0.3865748941898346,0.8740122318267822,0.75,0.75,0.7325009141185611,0.7325009141185611,0.7366288735774029,8,64,1.0,64,64.0,"[0, 1, 2, 3, 4, 5, 6, 7, 8, 9, 10, 11]","[[0, 1, 2, 3, 4, 5, 6, 7, 8, 9, 10, 11]]",1.0,0,0,0,1.0,1,1,1,0,1.0,1.0,1.0,0.9996080352768251,0.15064476523548365,4.425979018211365,233.2127069674898,mmbind_weighted_contrastive,1.0,"[""client_021"", ""client_006"", ""client_033"", ""client_034"", ""client_007"", ""client_026"", ""client_019"", ""client_016""]","[0, 1, 2, 3]","[0, 1, 2, 3]",2,"{""0"": 2, ""1"": 2, ""2"": 2, ""3"": 2}",effective
102,102,1.6431591510772705,1.6431591510772705,1.6431591510772705,0.4109300374984741,0.4109300374984741,3.9430623054504395,3.9430623054504395,1.6758456230163574,1.6758456230163574,0.4109300374984741,0.3943062424659729,0.8379228115081787,0.84375,0.84375,0.7586635586635587,0.7586635586635587,0.8526733682983683,8,64,1.0,64,64.0,"[0, 1, 2, 3, 4, 5, 6, 7, 8, 9, 10, 11]","[[0, 1, 2, 3, 4, 5, 6, 7, 8, 9, 10, 11]]",1.0,0,0,0,1.0,1,1,1,0,1.0,1.0,1.0,0.9994236311239193,0.16442801896482706,4.393335074186325,242.90672833568533,mmbind_weighted_contrastive,1.0,"[""client_023"", ""client_002"", ""client_036"", ""client_032"", ""client_018"", ""client_020"", ""client_012"", ""client_001""]","[0, 1, 2, 3]","[0, 1, 2, 3]",2,"{""0"": 2, ""1"": 2, ""2"": 2, ""3"": 2}",effective
103,103,1.579221248626709,1.579221248626709,1.579221248626709,0.35832175612449646,0.35832175612449646,3.872727394104004,3.872727394104004,1.6672534942626953,1.6672534942626953,0.35832175612449646,0.38727274537086487,0.8336267471313477,0.84375,0.84375,0.7611381673881673,0.7611381673881673,0.830282738095238,8,64,1.0,64,64.0,"[0, 1, 2, 3, 4, 5, 6, 7, 8, 9, 10, 11]","[[0, 1, 2, 3, 4, 5, 6, 7, 8, 9, 10, 11]]",1.0,0,0,0,1.0,1,1,1,0,1.0,1.0,1.0,0.9994347621290627,0.15572163509204984,4.3130349814891815,236.40944755083183,mmbind_weighted_contrastive,1.0,"[""client_027"", ""client_004"", ""client_013"", ""client_037"", ""client_010"", ""client_003"", ""client_035"", ""client_028""]","[0, 1, 2, 3]","[0, 1, 2, 3]",2,"{""0"": 2, ""1"": 2, ""2"": 2, ""3"": 2}",effective
104,104,1.6693353652954102,1.6693353652954102,1.6693353652954102,0.47314155101776123,0.47314155101776123,3.829152822494507,3.829152822494507,1.6265571117401123,1.6265571117401123,0.47314155101776123,0.38291528820991516,0.8132785558700562,0.765625,0.765625,0.7206627680311891,0.7206627680311891,0.7292032163742691,8,64,1.0,64,64.0,"[0, 1, 2, 3, 4, 5, 6, 7, 8, 9, 10, 11]","[[0, 1, 2, 3, 4, 5, 6, 7, 8, 9, 10, 11]]",1.0,0,0,0,1.0,1,1,1,0,1.0,1.0,1.0,0.999630314232902,0.15221156599000096,4.1754142343997955,240.13506563566625,mmbind_weighted_contrastive,1.0,"[""client_011"", ""client_025"", ""client_039"", ""client_030"", ""client_029"", ""client_008"", ""client_015"", ""client_009""]","[0, 1, 2, 3]","[0, 1, 2, 3]",2,"{""0"": 2, ""1"": 2, ""2"": 2, ""3"": 2}",effective
105,105,1.6714645624160767,1.6714645624160767,1.6714645624160767,0.46977588534355164,0.46977588534355164,3.7890241146087646,3.7890241146087646,1.645572543144226,1.645572543144226,0.46977588534355164,0.378902405500412,0.822786271572113,0.8125,0.8125,0.778077228452041,0.778077228452041,0.7974948938076749,8,64,1.0,64,64.0,"[0, 1, 2, 3, 4, 5, 6, 7, 8, 9, 10, 11]","[[0, 1, 2, 3, 4, 5, 6, 7, 8, 9, 10, 11]]",1.0,0,0,0,1.0,1,1,1,0,1.0,1.0,1.0,1.0,0.152233911678195,4.024511486291885,238.7636241368309,mmbind_weighted_contrastive,1.0,"[""client_000"", ""client_038"", ""client_014"", ""client_022"", ""client_024"", ""client_031"", ""client_017"", ""client_005""]","[0, 1, 2, 3]","[0, 1, 2, 3]",2,"{""0"": 2, ""1"": 2, ""2"": 2, ""3"": 2}",effective
106,106,1.6091110706329346,1.6091110706329346,1.6091110706329346,0.3971317410469055,0.3971317410469055,3.935805082321167,3.935805082321167,1.6367977857589722,1.6367977857589722,0.3971317410469055,0.39358052611351013,0.8183988928794861,0.875,0.875,0.7751957193133663,0.7751957193133663,0.8662128312863606,8,64,1.0,64,64.0,"[0, 1, 2, 3, 4, 5, 6, 7, 8, 9, 10, 11]","[[0, 1, 2, 3, 4, 5, 6, 7, 8, 9, 10, 11]]",1.0,0,0,0,1.0,1,1,1,0,1.0,1.0,1.0,0.999644128113879,0.15007767314091325,3.9578504264354706,231.9411414610804,mmbind_weighted_contrastive,1.0,"[""client_032"", ""client_028"", ""client_002"", ""client_005"", ""client_037"", ""client_025"", ""client_014"", ""client_011""]","[0, 1, 2, 3]","[0, 1, 2, 3]",2,"{""0"": 2, ""1"": 2, ""2"": 2, ""3"": 2}",effective
107,107,1.5470240116119385,1.5470240116119385,1.5470240116119385,0.3652178943157196,0.3652178943157196,3.9055604934692383,3.9055604934692383,1.5825002193450928,1.5825002193450928,0.3652178943157196,0.39055606722831726,0.7912501096725464,0.84375,0.84375,0.7492063492063492,0.7492063492063492,0.84375,8,64,1.0,64,64.0,"[0, 1, 2, 3, 4, 5, 6, 7, 8, 9, 10, 11]","[[0, 1, 2, 3, 4, 5, 6, 7, 8, 9, 10, 11]]",1.0,0,0,0,1.0,1,1,1,0,1.0,1.0,1.0,0.9994762112614579,0.1521380739286542,3.8445867598056793,235.98737339131185,mmbind_weighted_contrastive,1.0,"[""client_036"", ""client_021"", ""client_022"", ""client_019"", ""client_018"", ""client_000"", ""client_038"", ""client_007""]","[0, 1, 2, 3]","[0, 1, 2, 3]",2,"{""0"": 2, ""1"": 2, ""2"": 2, ""3"": 2}",effective
108,108,1.572198748588562,1.572198748588562,1.572198748588562,0.4104209542274475,0.4104209542274475,3.7669224739074707,3.7669224739074707,1.5701711177825928,1.5701711177825928,0.4104209542274475,0.3766922652721405,0.7850855588912964,0.84375,0.84375,0.8182651321398123,0.8182651321398123,0.8387028452685422,8,64,1.0,64,64.0,"[0, 1, 2, 3, 4, 5, 6, 7, 8, 9, 10, 11]","[[0, 1, 2, 3, 4, 5, 6, 7, 8, 9, 10, 11]]",1.0,0,0,0,1.0,1,1,1,0,1.0,1.0,1.0,0.9994858611825193,0.1507719592191279,3.791441470384598,233.1974891218997,mmbind_weighted_contrastive,1.0,"[""client_029"", ""client_016"", ""client_015"", ""client_023"", ""client_009"", ""client_035"", ""client_034"", ""client_003""]","[0, 1, 2, 3]","[0, 1, 2, 3]",2,"{""0"": 2, ""1"": 2, ""2"": 2, ""3"": 2}",effective
109,109,1.5289570093154907,1.5289570093154907,1.5289570093154907,0.33339157700538635,0.33339157700538635,3.9692139625549316,3.9692139625549316,1.5972881317138672,1.5972881317138672,0.33339157700538635,0.39692139625549316,0.7986440658569336,0.890625,0.890625,0.761764705882353,0.761764705882353,0.8853553921568629,8,64,1.0,64,64.0,"[0, 1, 2, 3, 4, 5, 6, 7, 8, 9, 10, 11]","[[0, 1, 2, 3, 4, 5, 6, 7, 8, 9, 10, 11]]",1.0,0,0,0,1.0,1,1,1,0,1.0,1.0,1.0,0.9996634413125789,0.15061939787119627,3.751612603664398,231.12548016532674,mmbind_weighted_contrastive,1.0,"[""client_017"", ""client_033"", ""client_039"", ""client_020"", ""client_001"", ""client_013"", ""client_008"", ""client_024""]","[0, 1, 2, 3]","[0, 1, 2, 3]",2,"{""0"": 2, ""1"": 2, ""2"": 2, ""3"": 2}",effective
110,110,1.449211597442627,1.449211597442627,1.449211597442627,0.24017079174518585,0.24017079174518585,4.021450519561768,4.021450519561768,1.6137913465499878,1.6137913465499878,0.24017079174518585,0.40214505791664124,0.8068956732749939,0.9375,0.9375,0.9156050010595466,0.9156050010595466,0.9349730477855478,8,64,1.0,64,64.0,"[0, 1, 2, 3, 4, 5, 6, 7, 8, 9, 10, 11]","[[0, 1, 2, 3, 4, 5, 6, 7, 8, 9, 10, 11]]",1.0,0,0,0,1.0,1,1,1,0,1.0,1.0,1.0,1.0,0.1503541129641235,3.691458225250244,234.12974453138304,mmbind_weighted_contrastive,1.0,"[""client_027"", ""client_012"", ""client_030"", ""client_004"", ""client_010"", ""client_006"", ""client_031"", ""client_026""]","[0, 1, 2, 3]","[0, 1, 2, 3]",2,"{""0"": 2, ""1"": 2, ""2"": 2, ""3"": 2}",effective
111,111,1.5537431240081787,1.5537431240081787,1.5537431240081787,0.38568946719169617,0.38568946719169617,3.9095873832702637,3.9095873832702637,1.554189682006836,1.554189682006836,0.38568946719169617,0.3909587562084198,0.777094841003418,0.84375,0.84375,0.7596875749049663,0.7596875749049663,0.8380068753710058,8,64,1.0,64,64.0,"[0, 1, 2, 3, 4, 5, 6, 7, 8, 9, 10, 11]","[[0, 1, 2, 3, 4, 5, 6, 7, 8, 9, 10, 11]]",1.0,0,0,0,1.0,1,1,1,0,1.0,1.0,1.0,0.9996754563894523,0.15213259682059288,3.585298329591751,231.2167661677522,mmbind_weighted_contrastive,1.0,"[""client_013"", ""client_002"", ""client_039"", ""client_001"", ""client_032"", ""client_026"", ""client_017"", ""client_028""]","[0, 1, 2, 3]","[0, 1, 2, 3]",2,"{""0"": 2, ""1"": 2, ""2"": 2, ""3"": 2}",effective
112,112,1.4346561431884766,1.4346561431884766,1.4346561431884766,0.31105637550354004,0.31105637550354004,3.7975375652313232,3.7975375652313232,1.487691879272461,1.487691879272461,0.31105637550354004,0.3797537684440613,0.7438459396362305,0.90625,0.90625,0.9230795348442409,0.9230795348442409,0.9047006302521009,8,64,1.0,64,64.0,"[0, 1, 2, 3, 4, 5, 6, 7, 8, 9, 10, 11]","[[0, 1, 2, 3, 4, 5, 6, 7, 8, 9, 10, 11]]",1.0,0,0,0,1.0,1,1,1,0,1.0,1.0,1.0,0.9995219123505976,0.15229923138394952,3.5731632113456726,228.74564457993256,mmbind_weighted_contrastive,1.0,"[""client_035"", ""client_007"", ""client_011"", ""client_030"", ""client_025"", ""client_020"", ""client_018"", ""client_004""]","[0, 1, 2, 3]","[0, 1, 2, 3]",2,"{""0"": 2, ""1"": 2, ""2"": 2, ""3"": 2}",effective
113,113,1.4935864210128784,1.4935864210128784,1.4935864210128784,0.31437206268310547,0.31437206268310547,3.8587255477905273,3.8587255477905273,1.5866835117340088,1.5866835117340088,0.31437206268310547,0.38587257266044617,0.7933417558670044,0.90625,0.90625,0.8482905982905983,0.8482905982905983,0.9010416666666666,8,64,1.0,64,64.0,"[0, 1, 2, 3, 4, 5, 6, 7, 8, 9, 10, 11]","[[0, 1, 2, 3, 4, 5, 6, 7, 8, 9, 10, 11]]",1.0,0,0,0,1.0,1,1,1,0,1.0,1.0,1.0,0.9995303326810177,0.148838359862566,3.51014107465744,229.326982797269,mmbind_weighted_contrastive,1.0,"[""client_010"", ""client_022"", ""client_027"", ""client_016"", ""client_031"", ""client_003"", ""client_009"", ""client_034""]","[0, 1, 2, 3]","[0, 1, 2, 3]",2,"{""0"": 2, ""1"": 2, ""2"": 2, ""3"": 2}",effective
114,114,1.4509823322296143,1.4509823322296143,1.4509823322296143,0.3059684932231903,0.3059684932231903,3.8801047801971436,3.8801047801971436,1.5140067338943481,1.5140067338943481,0.3059684932231903,0.3880104720592499,0.7570033669471741,0.875,0.875,0.8252748068924539,0.8252748068924539,0.8664911987522282,8,64,1.0,64,64.0,"[0, 1, 2, 3, 4, 5, 6, 7, 8, 9, 10, 11]","[[0, 1, 2, 3, 4, 5, 6, 7, 8, 9, 10, 11]]",1.0,0,0,0,1.0,1,1,1,0,1.0,1.0,1.0,0.9996923076923077,0.15132428565993905,3.478090763092041,231.77614405055647,mmbind_weighted_contrastive,1.0,"[""client_006"", ""client_038"", ""client_029"", ""client_008"", ""client_012"", ""client_021"", ""client_037"", ""client_014""]","[0, 1, 2, 3]","[0, 1, 2, 3]",2,"{""0"": 2, ""1"": 2, ""2"": 2, ""3"": 2}",effective
115,115,1.5022166967391968,1.5022166967391968,1.5022166967391968,0.35223445296287537,0.35223445296287537,3.8515701293945312,3.8515701293945312,1.5296504497528076,1.5296504497528076,0.35223445296287537,0.3851570188999176,0.7648252248764038,0.859375,0.859375,0.8037687802393685,0.8037687802393685,0.8517976508785331,8,64,1.0,64,64.0,"[0, 1, 2, 3, 4, 5, 6, 7, 8, 9, 10, 11]","[[0, 1, 2, 3, 4, 5, 6, 7, 8, 9, 10, 11]]",1.0,0,0,0,1.0,1,1,1,0,1.0,1.0,1.0,1.0,0.15054511791095138,3.419906586408615,232.29662588861538,mmbind_weighted_contrastive,1.0,"[""client_033"", ""client_000"", ""client_036"", ""client_019"", ""client_005"", ""client_023"", ""client_015"", ""client_024""]","[0, 1, 2, 3]","[0, 1, 2, 3]",2,"{""0"": 2, ""1"": 2, ""2"": 2, ""3"": 2}",effective
116,116,1.513313889503479,1.513313889503479,1.513313889503479,0.3409329652786255,0.3409329652786255,3.8451812267303467,3.8451812267303467,1.5757255554199219,1.5757255554199219,0.3409329652786255,0.3845181167125702,0.7878627777099609,0.890625,0.890625,0.8418242296918769,0.8418242296918769,0.897687981442577,8,64,1.0,64,64.0,"[0, 1, 2, 3, 4, 5, 6, 7, 8, 9, 10, 11]","[[0, 1, 2, 3, 4, 5, 6, 7, 8, 9, 10, 11]]",1.0,0,0,0,1.0,1,1,1,0,1.0,1.0,1.0,0.999702823179792,0.14957843674346805,3.3738468289375305,223.89407822926296,mmbind_weighted_contrastive,1.0,"[""client_005"", ""client_010"", ""client_024"", ""client_016"", ""client_007"", ""client_038"", ""client_039"", ""client_027""]","[0, 1, 2, 3]","[0, 1, 2, 3]",2,"{""0"": 2, ""1"": 2, ""2"": 2, ""3"": 2}",effective
117,117,1.5153183937072754,1.5153183937072754,1.5153183937072754,0.37409377098083496,0.37409377098083496,3.8270263671875,3.8270263671875,1.5170440673828125,1.5170440673828125,0.37409377098083496,0.38270264863967896,0.7585220336914062,0.90625,0.90625,0.7808212560386475,0.7808212560386475,0.9016394927536233,8,64,1.0,64,64.0,"[0, 1, 2, 3, 4, 5, 6, 7, 8, 9, 10, 11]","[[0, 1, 2, 3, 4, 5, 6, 7, 8, 9, 10, 11]]",1.0,0,0,0,1.0,1,1,1,0,1.0,1.0,1.0,0.9995618838992333,0.1522405813448131,3.2813670933246613,228.4427912067622,mmbind_weighted_contrastive,1.0,"[""client_019"", ""client_026"", ""client_022"", ""client_008"", ""client_013"", ""client_036"", ""client_031"", ""client_001""]","[0, 1, 2, 3]","[0, 1, 2, 3]",2,"{""0"": 2, ""1"": 2, ""2"": 2, ""3"": 2}",effective
118,118,1.5005003213882446,1.5005003213882446,1.5005003213882446,0.36706429719924927,0.36706429719924927,3.8876166343688965,3.8876166343688965,1.4893486499786377,1.4893486499786377,0.36706429719924927,0.3887616693973541,0.7446743249893188,0.859375,0.859375,0.7615995115995116,0.7615995115995116,0.8548153235653235,8,64,1.0,64,64.0,"[0, 1, 2, 3, 4, 5, 6, 7, 8, 9, 10, 11]","[[0, 1, 2, 3, 4, 5, 6, 7, 8, 9, 10, 11]]",1.0,0,0,0,1.0,1,1,1,0,1.0,1.0,1.0,0.9995692749461593,0.1497280872426927,3.1290203332901,224.8522625635087,mmbind_weighted_contrastive,1.0,"[""client_004"", ""client_034"", ""client_014"", ""client_020"", ""client_037"", ""client_023"", ""client_000"", ""client_012""]","[0, 1, 2, 3]","[0, 1, 2, 3]",2,"{""0"": 2, ""1"": 2, ""2"": 2, ""3"": 2}",effective
119,119,1.49306058883667,1.49306058883667,1.49306058883667,0.3423701822757721,0.3423701822757721,3.8722777366638184,3.8722777366638184,1.5269254446029663,1.5269254446029663,0.3423701822757721,0.38722777366638184,0.7634627223014832,0.875,0.875,0.8736291486291484,0.8736291486291484,0.8755411255411256,8,64,1.0,64,64.0,"[0, 1, 2, 3, 4, 5, 6, 7, 8, 9, 10, 11]","[[0, 1, 2, 3, 4, 5, 6, 7, 8, 9, 10, 11]]",1.0,0,0,0,1.0,1,1,1,0,1.0,1.0,1.0,0.999717613836922,0.163641890976578,3.0079136192798615,229.57045505935093,mmbind_weighted_contrastive,1.0,"[""client_002"", ""client_025"", ""client_035"", ""client_018"", ""client_021"", ""client_033"", ""client_011"", ""client_006""]","[0, 1, 2, 3]","[0, 1, 2, 3]",2,"{""0"": 2, ""1"": 2, ""2"": 2, ""3"": 2}",effective
120,120,1.2196881771087646,1.2196881771087646,1.2196881771087646,0.11839934438467026,0.11839934438467026,3.943964958190918,3.943964958190918,1.4137847423553467,1.4137847423553467,0.11839934438467026,0.39439651370048523,0.7068923711776733,0.96875,0.96875,0.8859407471847661,0.8859407471847661,0.961190855927698,8,64,1.0,64,64.0,"[0, 1, 2, 3, 4, 5, 6, 7, 8, 9, 10, 11]","[[0, 1, 2, 3, 4, 5, 6, 7, 8, 9, 10, 11]]",1.0,0,0,0,1.0,1,1,1,0,1.0,1.0,1.0,1.0,0.1698618968948722,3.006819635629654,230.80135390660143,mmbind_weighted_contrastive,1.0,"[""client_028"", ""client_017"", ""client_015"", ""client_032"", ""client_029"", ""client_030"", ""client_003"", ""client_009""]","[0, 1, 2, 3]","[0, 1, 2, 3]",2,"{""0"": 2, ""1"": 2, ""2"": 2, ""3"": 2}",effective
121,121,1.333425760269165,1.333425760269165,1.333425760269165,0.22884415090084076,0.22884415090084076,3.821216106414795,3.821216106414795,1.4449198246002197,1.4449198246002197,0.22884415090084076,0.38212162256240845,0.7224599123001099,0.921875,0.921875,0.8488636363636363,0.8488636363636363,0.916690340909091,8,64,1.0,64,64.0,"[0, 1, 2, 3, 4, 5, 6, 7, 8, 9, 10, 11]","[[0, 1, 2, 3, 4, 5, 6, 7, 8, 9, 10, 11]]",1.0,0,0,0,1.0,1,1,1,0,1.0,1.0,1.0,0.999726869238648,0.170683603733778,2.9907393753528595,231.28161594926496,mmbind_weighted_contrastive,1.0,"[""client_039"", ""client_016"", ""client_028"", ""client_004"", ""client_031"", ""client_010"", ""client_025"", ""client_006""]","[0, 1, 2, 3]","[0, 1, 2, 3]",2,"{""0"": 2, ""1"": 2, ""2"": 2, ""3"": 2}",effective
122,122,1.3949494361877441,1.3949494361877441,1.3949494361877441,0.2843317985534668,0.2843317985534668,3.892913818359375,3.892913818359375,1.4426524639129639,1.4426524639129639,0.2843317985534668,0.389291375875473,0.7213262319564819,0.875,0.875,0.7794414735591206,0.7794414735591206,0.8652796345811051,8,64,1.0,64,64.0,"[0, 1, 2, 3, 4, 5, 6, 7, 8, 9, 10, 11]","[[0, 1, 2, 3, 4, 5, 6, 7, 8, 9, 10, 11]]",1.0,0,0,0,1.0,1,1,1,0,1.0,1.0,1.0,0.999597044996642,0.1519783539697528,2.9042881429195404,218.07490539297578,mmbind_weighted_contrastive,1.0,"[""client_037"", ""client_015"", ""client_012"", ""client_009"", ""client_034"", ""client_000"", ""client_021"", ""client_024""]","[0, 1, 2, 3]","[0, 1, 2, 3]",2,"{""0"": 2, ""1"": 2, ""2"": 2, ""3"": 2}",effective
123,123,1.4328608512878418,1.4328608512878418,1.4328608512878418,0.30805692076683044,0.30805692076683044,3.859342575073242,3.859342575073242,1.4777392148971558,1.4777392148971558,0.30805692076683044,0.3859342634677887,0.7388696074485779,0.84375,0.84375,0.7907287157287158,0.7907287157287158,0.8444128787878787,8,64,1.0,64,64.0,"[0, 1, 2, 3, 4, 5, 6, 7, 8, 9, 10, 11]","[[0, 1, 2, 3, 4, 5, 6, 7, 8, 9, 10, 11]]",1.0,0,0,0,1.0,1,1,1,0,1.0,1.0,1.0,0.999603567888999,0.15070281410589814,2.8804632425308228,224.7150670873525,mmbind_weighted_contrastive,1.0,"[""client_019"", ""client_029"", ""client_026"", ""client_001"", ""client_036"", ""client_030"", ""client_017"", ""client_002""]","[0, 1, 2, 3]","[0, 1, 2, 3]",2,"{""0"": 2, ""1"": 2, ""2"": 2, ""3"": 2}",effective
124,124,1.38169264793396,1.38169264793396,1.38169264793396,0.25261861085891724,0.25261861085891724,3.8829524517059326,3.8829524517059326,1.4815574884414673,1.4815574884414673,0.25261861085891724,0.3882952630519867,0.7407787442207336,0.921875,0.921875,0.8943001443001442,0.8943001443001442,0.9201163419913418,8,64,1.0,64,64.0,"[0, 1, 2, 3, 4, 5, 6, 7, 8, 9, 10, 11]","[[0, 1, 2, 3, 4, 5, 6, 7, 8, 9, 10, 11]]",1.0,0,0,0,1.0,1,1,1,0,1.0,1.0,1.0,0.999739921976593,0.15137713588774204,2.8826355934143066,225.01911247483804,mmbind_weighted_contrastive,1.0,"[""client_020"", ""client_014"", ""client_027"", ""client_003"", ""client_018"", ""client_032"", ""client_038"", ""client_007""]","[0, 1, 2, 3]","[0, 1, 2, 3]",2,"{""0"": 2, ""1"": 2, ""2"": 2, ""3"": 2}",effective
125,125,1.4575138092041016,1.4575138092041016,1.4575138092041016,0.3483732044696808,0.3483732044696808,3.789818525314331,3.789818525314331,1.460317611694336,1.460317611694336,0.3483732044696808,0.3789818584918976,0.730158805847168,0.828125,0.828125,0.8715107327547519,0.8715107327547519,0.8234637256018835,8,64,1.0,64,64.0,"[0, 1, 2, 3, 4, 5, 6, 7, 8, 9, 10, 11]","[[0, 1, 2, 3, 4, 5, 6, 7, 8, 9, 10, 11]]",1.0,0,0,0,1.0,1,1,1,0,1.0,1.0,1.0,1.0,0.15164794400334358,2.8053172826766968,221.62463933503022,mmbind_weighted_contrastive,1.0,"[""client_008"", ""client_023"", ""client_022"", ""client_011"", ""client_033"", ""client_035"", ""client_005"", ""client_013""]","[0, 1, 2, 3]","[0, 1, 2, 3]",2,"{""0"": 2, ""1"": 2, ""2"": 2, ""3"": 2}",effective
126,126,1.309544563293457,1.309544563293457,1.309544563293457,0.2286059707403183,0.2286059707403183,3.7897701263427734,3.7897701263427734,1.4039232730865479,1.4039232730865479,0.2286059707403183,0.3789770305156708,0.7019616365432739,0.921875,0.921875,0.9335227272727273,0.9335227272727273,0.9247514204545455,8,64,1.0,64,64.0,"[0, 1, 2, 3, 4, 5, 6, 7, 8, 9, 10, 11]","[[0, 1, 2, 3, 4, 5, 6, 7, 8, 9, 10, 11]]",1.0,0,0,0,1.0,1,1,1,0,1.0,1.0,1.0,0.9997481108312343,0.15753826731815934,2.815859168767929,217.7862989018322,mmbind_weighted_contrastive,1.0,"[""client_021"", ""client_015"", ""client_034"", ""client_011"", ""client_006"", ""client_035"", ""client_005"", ""client_026""]","[0, 1, 2, 3]","[0, 1, 2, 3]",2,"{""0"": 2, ""1"": 2, ""2"": 2, ""3"": 2}",effective
127,127,1.2702406644821167,1.2702406644821167,1.2702406644821167,0.20017656683921814,0.20017656683921814,3.8386588096618652,3.8386588096618652,1.372396469116211,1.372396469116211,0.20017656683921814,0.3838658928871155,0.6861982345581055,0.9375,0.9375,0.9342879342879343,0.9342879342879343,0.9378052503052503,8,64,1.0,64,64.0,"[0, 1, 2, 3, 4, 5, 6, 7, 8, 9, 10]","[[0, 1, 2, 3, 4, 5, 6, 7, 8, 9, 10]]",1.0,0,0,0,1.0,1,1,1,0,1.0,1.0,1.0,0.9996281375890921,0.16059126192703843,2.7856298983097076,225.86587871811935,mmbind_weighted_contrastive,1.0,"[""client_012"", ""client_031"", ""client_029"", ""client_002"", ""client_003"", ""client_014"", ""client_023"", ""client_036""]","[0, 1, 2, 3]","[0, 1, 2, 3]",2,"{""0"": 2, ""1"": 2, ""2"": 2, ""3"": 2}",effective
128,128,1.4276094436645508,1.4276094436645508,1.4276094436645508,0.29749760031700134,0.29749760031700134,3.869565486907959,3.869565486907959,1.4863104820251465,1.4863104820251465,0.29749760031700134,0.3869565427303314,0.7431552410125732,0.890625,0.890625,0.8556878306878307,0.8556878306878307,0.8898561507936508,8,64,1.0,64,64.0,"[0, 1, 2, 3, 4, 5, 6, 7, 8, 9, 10, 11]","[[0, 1, 2, 3, 4, 5, 6, 7, 8, 9, 10, 11]]",1.0,0,0,0,1.0,1,1,1,0,1.0,1.0,1.0,0.999633923123856,0.15445488598197699,2.7360875010490417,221.00543682670104,mmbind_weighted_contrastive,1.0,"[""client_013"", ""client_008"", ""client_027"", ""client_017"", ""client_009"", ""client_024"", ""client_033"", ""client_032""]","[0, 1, 2, 3]","[0, 1, 2, 3]",2,"{""0"": 2, ""1"": 2, ""2"": 2, ""3"": 2}",effective
129,129,1.3813341856002808,1.3813341856002808,1.3813341856002808,0.29291287064552307,0.29291287064552307,3.8420560359954834,3.8420560359954834,1.4084314107894897,1.4084314107894897,0.29291287064552307,0.3842056095600128,0.7042157053947449,0.859375,0.859375,0.826984126984127,0.826984126984127,0.8648809523809523,8,64,1.0,64,64.0,"[0, 1, 2, 3, 4, 5, 6, 7, 8, 9, 10, 11]","[[0, 1, 2, 3, 4, 5, 6, 7, 8, 9, 10, 11]]",1.0,0,0,0,1.0,1,1,1,0,1.0,1.0,1.0,0.999759687593872,0.15150746470317245,2.6467671394348145,224.04777639865642,mmbind_weighted_contrastive,1.0,"[""client_010"", ""client_038"", ""client_039"", ""client_022"", ""client_007"", ""client_025"", ""client_018"", ""client_004""]","[0, 1, 2, 3]","[0, 1, 2, 3]",2,"{""0"": 2, ""1"": 2, ""2"": 2, ""3"": 2}",effective
130,130,1.3448214530944824,1.3448214530944824,1.3448214530944824,0.2367684543132782,0.2367684543132782,3.893059253692627,3.893059253692627,1.4374940395355225,1.4374940395355225,0.2367684543132782,0.3893059194087982,0.7187470197677612,0.90625,0.90625,0.8891869746415201,0.8891869746415201,0.9092443667443667,8,64,1.0,64,64.0,"[0, 1, 2, 3, 4, 5, 6, 7, 8, 9, 10, 11]","[[0, 1, 2, 3, 4, 5, 6, 7, 8, 9, 10, 11]]",1.0,0,0,0,1.0,1,1,1,0,1.0,1.0,1.0,1.0,0.1497951173223555,2.6086336076259613,214.9448996350402,mmbind_weighted_contrastive,1.0,"[""client_019"", ""client_037"", ""client_030"", ""client_020"", ""client_016"", ""client_000"", ""client_028"", ""client_001""]","[0, 1, 2, 3]","[0, 1, 2, 3]",2,"{""0"": 2, ""1"": 2, ""2"": 2, ""3"": 2}",effective
131,131,1.3273375034332275,1.3273375034332275,1.3273375034332275,0.27749016880989075,0.27749016880989075,3.7718348503112793,3.7718348503112793,1.345327615737915,1.345327615737915,0.27749016880989075,0.3771834969520569,0.6726638078689575,0.90625,0.90625,0.9227272727272727,0.9227272727272727,0.8953125,8,64,1.0,64,64.0,"[0, 1, 2, 3, 4, 5, 6, 7, 8, 9, 10, 11]","[[0, 1, 2, 3, 4, 5, 6, 7, 8, 9, 10, 11]]",1.0,0,0,0,1.0,1,1,1,0,1.0,1.0,1.0,0.9997669676667638,0.15238697594031692,2.5864639580249786,221.31006309611257,mmbind_weighted_contrastive,1.0,"[""client_007"", ""client_024"", ""client_039"", ""client_032"", ""client_023"", ""client_011"", ""client_017"", ""client_002""]","[0, 1, 2, 3]","[0, 1, 2, 3]",2,"{""0"": 2, ""1"": 2, ""2"": 2, ""3"": 2}",effective
132,132,1.3026283979415894,1.3026283979415894,1.3026283979415894,0.25552621483802795,0.25552621483802795,3.8001716136932373,3.8001716136932373,1.3341701030731201,1.3341701030731201,0.25552621483802795,0.38001716136932373,0.6670850515365601,0.90625,0.90625,0.9242424242424242,0.9242424242424242,0.9036458333333334,8,64,1.0,64,64.0,"[0, 1, 2, 3, 4, 5, 6, 7, 8, 9, 10, 11]","[[0, 1, 2, 3, 4, 5, 6, 7, 8, 9, 10, 11]]",1.0,0,0,0,1.0,1,1,1,0,1.0,1.0,1.0,0.9996557659208262,0.151197690051049,2.576417922973633,221.483340292325,mmbind_weighted_contrastive,1.0,"[""client_027"", ""client_015"", ""client_021"", ""client_019"", ""client_035"", ""client_004"", ""client_033"", ""client_006""]","[0, 1, 2, 3]","[0, 1, 2, 3]",2,"{""0"": 2, ""1"": 2, ""2"": 2, ""3"": 2}",effective
133,133,1.1826496124267578,1.1826496124267578,1.1826496124267578,0.1359284520149231,0.1359284520149231,3.8632609844207764,3.8632609844207764,1.3207900524139404,1.3207900524139404,0.1359284520149231,0.3863261044025421,0.6603950262069702,0.953125,0.953125,0.9344211344211345,0.9344211344211345,0.9554754273504275,8,64,1.0,64,64.0,"[0, 1, 2, 3, 4, 5, 6, 7, 8, 9, 10, 11]","[[0, 1, 2, 3, 4, 5, 6, 7, 8, 9, 10, 11]]",1.0,0,0,0,1.0,1,1,1,0,1.0,1.0,1.0,0.9996609211641707,0.15340745775029063,2.5690051913261414,217.18192505367915,mmbind_weighted_contrastive,1.0,"[""client_000"", ""client_026"", ""client_009"", ""client_038"", ""client_037"", ""client_020"", ""client_012"", ""client_010""]","[0, 1, 2, 3]","[0, 1, 2, 3]",2,"{""0"": 2, ""1"": 2, ""2"": 2, ""3"": 2}",effective
134,134,1.2688207626342773,1.2688207626342773,1.2688207626342773,0.20671294629573822,0.20671294629573822,3.8171002864837646,3.8171002864837646,1.3607957363128662,1.3607957363128662,0.20671294629573822,0.381710022687912,0.6803978681564331,0.890625,0.890625,0.8294612794612796,0.8294612794612796,0.8786616161616162,8,64,1.0,64,64.0,"[0, 1, 2, 3, 4, 5, 6, 7, 8, 9, 10, 11]","[[0, 1, 2, 3, 4, 5, 6, 7, 8, 9, 10, 11]]",1.0,0,0,0,1.0,1,1,1,0,1.0,1.0,1.0,0.9997772828507795,0.14613631879910827,2.4812158346176147,220.72066438774345,mmbind_weighted_contrastive,1.0,"[""client_008"", ""client_031"", ""client_030"", ""client_025"", ""client_003"", ""client_018"", ""client_028"", ""client_016""]","[0, 1, 2, 3]","[0, 1, 2, 3]",2,"{""0"": 2, ""1"": 2, ""2"": 2, ""3"": 2}",effective
135,135,1.4951730966567993,1.4951730966567993,1.4951730966567993,0.38496798276901245,0.38496798276901245,3.7776598930358887,3.7776598930358887,1.4648783206939697,1.4648783206939697,0.38496798276901245,0.3777659833431244,0.7324391603469849,0.859375,0.859375,0.8467504173386526,0.8467504173386526,0.8563314340887871,8,64,1.0,64,64.0,"[0, 1, 2, 3, 4, 5, 6, 7, 8, 9, 10, 11]","[[0, 1, 2, 3, 4, 5, 6, 7, 8, 9, 10, 11]]",1.0,0,0,0,1.0,1,1,1,0,1.0,1.0,1.0,1.0,0.15215233759954572,2.3813512325286865,211.68424683023477,mmbind_weighted_contrastive,1.0,"[""client_029"", ""client_014"", ""client_036"", ""client_005"", ""client_034"", ""client_022"", ""client_013"", ""client_001""]","[0, 1, 2, 3]","[0, 1, 2, 3]",2,"{""0"": 2, ""1"": 2, ""2"": 2, ""3"": 2}",effective
136,136,1.184645652770996,1.184645652770996,1.184645652770996,0.08923466503620148,0.08923466503620148,3.947157382965088,3.947157382965088,1.4013903141021729,1.4013903141021729,0.08923466503620148,0.3947157561779022,0.7006951570510864,0.984375,0.984375,0.9688311688311689,0.9688311688311689,0.9839285714285714,8,64,1.0,64,64.0,"[0, 1, 2, 3, 4, 5, 6, 7, 8, 9, 10, 11]","[[0, 1, 2, 3, 4, 5, 6, 7, 8, 9, 10, 11]]",1.0,0,0,0,1.0,1,1,1,0,1.0,1.0,1.0,0.9997837837837837,0.15142350597307086,2.359954386949539,219.6362020680972,mmbind_weighted_contrastive,1.0,"[""client_002"", ""client_038"", ""client_004"", ""client_021"", ""client_024"", ""client_018"", ""client_019"", ""client_032""]","[0, 1, 2, 3]","[0, 1, 2, 3]",2,"{""0"": 2, ""1"": 2, ""2"": 2, ""3"": 2}",effective
137,137,1.1991984844207764,1.1991984844207764,1.1991984844207764,0.17492590844631195,0.17492590844631195,3.8003909587860107,3.8003909587860107,1.2884670495986938,1.2884670495986938,0.17492590844631195,0.3800390958786011,0.6442335247993469,0.90625,0.90625,0.8034992784992784,0.8034992784992784,0.9005952380952381,8,64,1.0,64,64.0,"[0, 1, 2, 3, 4, 5, 6, 7, 8, 9, 10, 11]","[[0, 1, 2, 3, 4, 5, 6, 7, 8, 9, 10, 11]]",1.0,0,0,0,1.0,1,1,1,0,1.0,1.0,1.0,0.9996804260985352,0.1520463670603931,2.307222455739975,216.37363492127042,mmbind_weighted_contrastive,1.0,"[""client_025"", ""client_008"", ""client_036"", ""client_039"", ""client_014"", ""client_023"", ""client_011"", ""client_007""]","[0, 1, 2, 3]","[0, 1, 2, 3]",2,"{""0"": 2, ""1"": 2, ""2"": 2, ""3"": 2}",effective
138,138,1.2283048629760742,1.2283048629760742,1.2283048629760742,0.19648467004299164,0.19648467004299164,3.762960910797119,3.762960910797119,1.3110482692718506,1.3110482692718506,0.19648467004299164,0.37629610300064087,0.6555241346359253,0.921875,0.921875,0.9159392789373815,0.9159392789373815,0.9163840132827326,8,64,1.0,64,64.0,"[0, 1, 2, 3, 4, 5, 6, 7, 8, 9, 10, 11]","[[0, 1, 2, 3, 4, 5, 6, 7, 8, 9, 10, 11]]",1.0,0,0,0,1.0,1,1,1,0,1.0,1.0,1.0,0.9996850393700787,0.15025617787614465,2.348652482032776,216.91740554050193,mmbind_weighted_contrastive,1.0,"[""client_017"", ""client_031"", ""client_022"", ""client_005"", ""client_015"", ""client_033"", ""client_001"", ""client_028""]","[0, 1, 2, 3]","[0, 1, 2, 3]",2,"{""0"": 2, ""1"": 2, ""2"": 2, ""3"": 2}",effective
139,139,1.2427785396575928,1.2427785396575928,1.2427785396575928,0.197051540017128,0.197051540017128,3.838505506515503,3.838505506515503,1.3237528800964355,1.3237528800964355,0.197051540017128,0.3838505446910858,0.6618764400482178,0.921875,0.921875,0.901219992129083,0.901219992129083,0.9200487012987012,8,64,1.0,64,64.0,"[0, 1, 2, 3, 4, 5, 6, 7, 8, 9, 10]","[[0, 1, 2, 3, 4, 5, 6, 7, 8, 9, 10]]",1.0,0,0,0,1.0,1,1,1,0,1.0,1.0,1.0,0.9997930142302717,0.15108657022938132,2.3001450300216675,214.78868935335777,mmbind_weighted_contrastive,1.0,"[""client_006"", ""client_010"", ""client_016"", ""client_029"", ""client_026"", ""client_003"", ""client_034"", ""client_030""]","[0, 1, 2, 3]","[0, 1, 2, 3]",2,"{""0"": 2, ""1"": 2, ""2"": 2, ""3"": 2}",effective
140,140,1.216097354888916,1.216097354888916,1.216097354888916,0.1568862497806549,0.1568862497806549,3.8112587928771973,3.8112587928771973,1.3561702966690063,1.3561702966690063,0.1568862497806549,0.38112589716911316,0.6780851483345032,0.953125,0.953125,0.9394017094017095,0.9394017094017095,0.9514102564102564,8,64,1.0,64,64.0,"[0, 1, 2, 3, 4, 5, 6, 7, 8, 9, 10, 11]","[[0, 1, 2, 3, 4, 5, 6, 7, 8, 9, 10, 11]]",1.0,0,0,0,1.0,1,1,1,0,1.0,1.0,1.0,1.0,0.1496496251784265,2.343897670507431,213.93298488028813,mmbind_weighted_contrastive,1.0,"[""client_037"", ""client_012"", ""client_000"", ""client_013"", ""client_009"", ""client_035"", ""client_027"", ""client_020""]","[0, 1, 2, 3]","[0, 1, 2, 3]",2,"{""0"": 2, ""1"": 2, ""2"": 2, ""3"": 2}",effective
141,141,1.2038193941116333,1.2038193941116333,1.2038193941116333,0.17758625745773315,0.17758625745773315,3.789419174194336,3.789419174194336,1.2945823669433594,1.2945823669433594,0.17758625745773315,0.37894192337989807,0.6472911834716797,0.921875,0.921875,0.8465608465608465,0.8465608465608465,0.9295634920634921,8,64,1.0,64,64.0,"[0, 1, 2, 3, 4, 5, 6, 7, 8, 9, 10, 11]","[[0, 1, 2, 3, 4, 5, 6, 7, 8, 9, 10, 11]]",1.0,0,0,0,1.0,1,1,1,0,1.0,1.0,1.0,0.9997988433492583,0.16340578626841307,2.3676218688488007,217.92984582216013,mmbind_weighted_contrastive,1.0,"[""client_026"", ""client_004"", ""client_036"", ""client_001"", ""client_029"", ""client_017"", ""client_032"", ""client_018""]","[0, 1, 2, 3]","[0, 1, 2, 3]",2,"{""0"": 2, ""1"": 2, ""2"": 2, ""3"": 2}",effective
142,142,1.4248850345611572,1.4248850345611572,1.4248850345611572,0.32588300108909607,0.32588300108909607,3.747220993041992,3.747220993041992,1.4485598802566528,1.4485598802566528,0.32588300108909607,0.37472209334373474,0.7242799401283264,0.875,0.875,0.8691495702365267,0.8691495702365267,0.8649244776962167,8,64,1.0,64,64.0,"[0, 1, 2, 3, 4, 5, 6, 7, 8, 9, 10, 11]","[[0, 1, 2, 3, 4, 5, 6, 7, 8, 9, 10, 11]]",1.0,0,0,0,1.0,1,1,1,0,1.0,1.0,1.0,0.9997025285076847,0.1501161903142929,2.2907298505306244,203.06529115964076,mmbind_weighted_contrastive,1.0,"[""client_034"", ""client_035"", ""client_028"", ""client_007"", ""client_019"", ""client_013"", ""client_009"", ""client_023""]","[0, 1, 2, 3]","[0, 1, 2, 3]",2,"{""0"": 2, ""1"": 2, ""2"": 2, ""3"": 2}",effective
143,143,1.1995095014572144,1.1995095014572144,1.1995095014572144,0.14807289838790894,0.14807289838790894,3.8454227447509766,3.8454227447509766,1.3337886333465576,1.3337886333465576,0.14807289838790894,0.3845422863960266,0.6668943166732788,0.9375,0.9375,0.8841269841269841,0.8841269841269841,0.9364583333333334,8,64,1.0,64,64.0,"[0, 1, 2, 3, 4, 5, 6, 7, 8, 9, 10, 11]","[[0, 1, 2, 3, 4, 5, 6, 7, 8, 9, 10, 11]]",1.0,0,0,0,1.0,1,1,1,0,1.0,1.0,1.0,0.9997066731850404,0.15103172697126865,2.2547981441020966,213.07713745703222,mmbind_weighted_contrastive,1.0,"[""client_039"", ""client_012"", ""client_022"", ""client_021"", ""client_006"", ""client_016"", ""client_000"", ""client_030""]","[0, 1, 2, 3]","[0, 1, 2, 3]",2,"{""0"": 2, ""1"": 2, ""2"": 2, ""3"": 2}",effective
144,144,1.3167898654937744,1.3167898654937744,1.3167898654937744,0.27957332134246826,0.27957332134246826,3.773165702819824,3.773165702819824,1.319799780845642,1.319799780845642,0.27957332134246826,0.37731656432151794,0.659899890422821,0.890625,0.890625,0.8383190883190883,0.8383190883190883,0.9022435897435898,8,64,1.0,64,64.0,"[0, 1, 2, 3, 4, 5, 6, 7, 8, 9, 10, 11]","[[0, 1, 2, 3, 4, 5, 6, 7, 8, 9, 10, 11]]",1.0,0,0,0,1.0,1,1,1,0,1.0,1.0,1.0,0.9998071359691417,0.1515089049935341,2.2573686838150024,201.86636025100597,mmbind_weighted_contrastive,1.0,"[""client_020"", ""client_008"", ""client_010"", ""client_037"", ""client_024"", ""client_014"", ""client_005"", ""client_038""]","[0, 1, 2, 3]","[0, 1, 2, 3]",2,"{""0"": 2, ""1"": 2, ""2"": 2, ""3"": 2}",effective
145,145,1.3760384321212769,1.3760384321212769,1.3760384321212769,0.3262374997138977,0.3262374997138977,3.774169921875,3.774169921875,1.3447678089141846,1.3447678089141846,0.3262374997138977,0.3774169981479645,0.6723839044570923,0.859375,0.859375,0.8773504273504273,0.8773504273504273,0.8640224358974359,8,64,1.0,64,64.0,"[0, 1, 2, 3, 4, 5, 6, 7, 8, 9, 10, 11]","[[0, 1, 2, 3, 4, 5, 6, 7, 8, 9, 10, 11]]",1.0,0,0,0,1.0,1,1,1,0,1.0,1.0,1.0,1.0,0.1699964152649045,2.1931583285331726,220.0305593770754,mmbind_weighted_contrastive,1.0,"[""client_015"", ""client_031"", ""client_025"", ""client_002"", ""client_011"", ""client_027"", ""client_003"", ""client_033""]","[0, 1, 2, 3]","[0, 1, 2, 3]",2,"{""0"": 2, ""1"": 2, ""2"": 2, ""3"": 2}",effective
146,146,1.135545015335083,1.135545015335083,1.135545015335083,0.07754506915807724,0.07754506915807724,3.9014759063720703,3.9014759063720703,1.3357045650482178,1.3357045650482178,0.07754506915807724,0.3901475965976715,0.6678522825241089,1.0,1.0,1.0,1.0,1.0,8,64,1.0,64,64.0,"[0, 1, 2, 3, 4, 5, 6, 7, 8, 9, 10, 11]","[[0, 1, 2, 3, 4, 5, 6, 7, 8, 9, 10, 11]]",1.0,0,0,0,1.0,1,1,1,0,1.0,1.0,1.0,0.999812382739212,0.1523846979252994,2.170404016971588,214.6191261007334,mmbind_weighted_contrastive,1.0,"[""client_031"", ""client_028"", ""client_008"", ""client_027"", ""client_009"", ""client_032"", ""client_012"", ""client_016""]","[0, 1, 2, 3]","[0, 1, 2, 3]",2,"{""0"": 2, ""1"": 2, ""2"": 2, ""3"": 2}",effective
147,147,1.1772520542144775,1.1772520542144775,1.1772520542144775,0.15954016149044037,0.15954016149044037,3.8137481212615967,3.8137481212615967,1.272674322128296,1.272674322128296,0.15954016149044037,0.3813748061656952,0.636337161064148,0.953125,0.953125,0.9501262626262627,0.9501262626262627,0.9544270833333334,8,64,1.0,64,64.0,"[0, 1, 2, 3, 4, 5, 6, 7, 8, 9, 10, 11]","[[0, 1, 2, 3, 4, 5, 6, 7, 8, 9, 10, 11]]",1.0,0,0,0,1.0,1,1,1,0,1.0,1.0,1.0,0.9997224149895906,0.15044419514015317,2.177921622991562,213.09179141372442,mmbind_weighted_contrastive,1.0,"[""client_021"", ""client_017"", ""client_039"", ""client_004"", ""client_036"", ""client_006"", ""client_029"", ""client_014""]","[0, 1, 2, 3]","[0, 1, 2, 3]",2,"{""0"": 2, ""1"": 2, ""2"": 2, ""3"": 2}",effective
148,148,1.278663992881775,1.278663992881775,1.278663992881775,0.20532849431037903,0.20532849431037903,3.7611231803894043,3.7611231803894043,1.3944463729858398,1.3944463729858398,0.20532849431037903,0.37611231207847595,0.6972231864929199,0.953125,0.953125,0.9470021122195035,0.9470021122195035,0.9519923615032312,8,64,1.0,64,64.0,"[0, 1, 2, 3, 4, 5, 6, 7, 8, 9, 10, 11]","[[0, 1, 2, 3, 4, 5, 6, 7, 8, 9, 10, 11]]",1.0,0,0,0,1.0,1,1,1,0,1.0,1.0,1.0,0.9997261524418074,0.16126862121745944,2.1453928351402283,200.41018026109668,mmbind_weighted_contrastive,1.0,"[""client_019"", ""client_000"", ""client_018"", ""client_025"", ""client_034"", ""client_005"", ""client_024"", ""client_037""]","[0, 1, 2, 3]","[0, 1, 2, 3]",2,"{""0"": 2, ""1"": 2, ""2"": 2, ""3"": 2}",effective
149,149,1.139750599861145,1.139750599861145,1.139750599861145,0.14154022932052612,0.14154022932052612,3.812638998031616,3.812638998031616,1.2338929176330566,1.2338929176330566,0.14154022932052612,0.3812639117240906,0.6169464588165283,0.921875,0.921875,0.837121212121212,0.837121212121212,0.9169034090909091,8,64,1.0,64,64.0,"[0, 1, 2, 3, 4, 5, 6, 7, 8, 9, 10, 11]","[[0, 1, 2, 3, 4, 5, 6, 7, 8, 9, 10, 11]]",1.0,0,0,0,1.0,1,1,1,0,1.0,1.0,1.0,0.9998198603918036,0.15655021322891116,2.1103377640247345,210.26398394242278,mmbind_weighted_contrastive,1.0,"[""client_007"", ""client_003"", ""client_013"", ""client_030"", ""client_015"", ""client_023"", ""client_026"", ""client_035""]","[0, 1, 2, 3]","[0, 1, 2, 3]",2,"{""0"": 2, ""1"": 2, ""2"": 2, ""3"": 2}",effective
150,150,1.2965013980865479,1.2965013980865479,1.2965013980865479,0.2802093029022217,0.2802093029022217,3.756186008453369,3.756186008453369,1.2813469171524048,1.2813469171524048,0.2802093029022217,0.3756186068058014,0.6406734585762024,0.90625,0.90625,0.9242479600535866,0.9242479600535866,0.9084707252466204,8,64,1.0,64,64.0,"[0, 1, 2, 3, 4, 5, 6, 7, 8, 9, 10, 11]","[[0, 1, 2, 3, 4, 5, 6, 7, 8, 9, 10, 11]]",1.0,0,0,0,1.0,1,1,1,0,1.0,1.0,1.0,1.0,0.153740624897182,2.0328685641288757,207.2398785536352,mmbind_weighted_contrastive,1.0,"[""client_033"", ""client_001"", ""client_022"", ""client_010"", ""client_011"", ""client_038"", ""client_002"", ""client_020""]","[0, 1, 2, 3]","[0, 1, 2, 3]",2,"{""0"": 2, ""1"": 2, ""2"": 2, ""3"": 2}",effective
151,151,1.1179871559143066,1.1179871559143066,1.1179871559143066,0.1371641457080841,0.1371641457080841,3.789299726486206,3.789299726486206,1.203786015510559,1.203786015510559,0.1371641457080841,0.3789299726486206,0.6018930077552795,0.96875,0.96875,0.9704545454545456,0.9704545454545456,0.967578125,8,64,1.0,64,64.0,"[0, 1, 2, 3, 4, 5, 6, 7, 8, 9, 10]","[[0, 1, 2, 3, 4, 5, 6, 7, 8, 9, 10]]",1.0,0,0,0,1.0,1,1,1,0,1.0,1.0,1.0,0.9998245998684498,0.155158924870193,2.0206196010112762,210.83392835996347,mmbind_weighted_contrastive,1.0,"[""client_008"", ""client_024"", ""client_030"", ""client_028"", ""client_032"", ""client_007"", ""client_017"", ""client_015""]","[0, 1, 2, 3]","[0, 1, 2, 3]",2,"{""0"": 2, ""1"": 2, ""2"": 2, ""3"": 2}",effective
152,152,1.120000958442688,1.120000958442688,1.120000958442688,0.09384516626596451,0.09384516626596451,3.876753330230713,3.876753330230713,1.276960849761963,1.276960849761963,0.09384516626596451,0.38767534494400024,0.6384804248809814,0.984375,0.984375,0.9595959595959596,0.9595959595959596,0.9826388888888888,8,64,1.0,64,64.0,"[0, 1, 2, 3, 4, 5, 6, 7, 8, 9, 10, 11]","[[0, 1, 2, 3, 4, 5, 6, 7, 8, 9, 10, 11]]",1.0,0,0,0,1.0,1,1,1,0,1.0,1.0,1.0,0.9997403721332756,0.15741660678759217,2.009603202342987,202.07706659648102,mmbind_weighted_contrastive,1.0,"[""client_014"", ""client_029"", ""client_033"", ""client_021"", ""client_019"", ""client_004"", ""client_005"", ""client_034""]","[0, 1, 2, 3]","[0, 1, 2, 3]",2,"{""0"": 2, ""1"": 2, ""2"": 2, ""3"": 2}",effective
153,153,1.1160426139831543,1.1160426139831543,1.1160426139831543,0.11489032208919525,0.11489032208919525,3.718630313873291,3.718630313873291,1.2585786581039429,1.2585786581039429,0.11489032208919525,0.3718630373477936,0.6292893290519714,1.0,1.0,1.0,1.0,1.0,8,64,1.0,64,64.0,"[0, 1, 2, 3, 4, 5, 6, 7, 8, 9, 10, 11]","[[0, 1, 2, 3, 4, 5, 6, 7, 8, 9, 10, 11]]",1.0,0,0,0,1.0,1,1,1,0,1.0,1.0,1.0,0.9997437540038437,0.15488519798964262,2.048984318971634,208.03050978609826,mmbind_weighted_contrastive,1.0,"[""client_009"", ""client_018"", ""client_038"", ""client_037"", ""client_002"", ""client_025"", ""client_012"", ""client_022""]","[0, 1, 2, 3]","[0, 1, 2, 3]",2,"{""0"": 2, ""1"": 2, ""2"": 2, ""3"": 2}",effective
154,154,1.108670711517334,1.108670711517334,1.108670711517334,0.0901971384882927,0.0901971384882927,3.811634063720703,3.811634063720703,1.2746204137802124,1.2746204137802124,0.0901971384882927,0.38116341829299927,0.6373102068901062,0.96875,0.96875,0.9654729109274564,0.9654729109274564,0.968560606060606,8,64,1.0,64,64.0,"[0, 1, 2, 3, 4, 5, 6, 7, 8, 9, 10, 11]","[[0, 1, 2, 3, 4, 5, 6, 7, 8, 9, 10, 11]]",1.0,0,0,0,1.0,1,1,1,0,1.0,1.0,1.0,0.999831365935919,0.14747141674160957,2.043437659740448,209.76353581208969,mmbind_weighted_contrastive,1.0,"[""client_010"", ""client_016"", ""client_003"", ""client_031"", ""client_026"", ""client_027"", ""client_036"", ""client_000""]","[0, 1, 2, 3]","[0, 1, 2, 3]",2,"{""0"": 2, ""1"": 2, ""2"": 2, ""3"": 2}",effective
155,155,1.1013137102127075,1.1013137102127075,1.1013137102127075,0.09067823737859726,0.09067823737859726,3.8358421325683594,3.8358421325683594,1.2541024684906006,1.2541024684906006,0.09067823737859726,0.38358423113822937,0.6270512342453003,0.984375,0.984375,0.8961038961038962,0.8961038961038962,0.9776785714285714,8,64,1.0,64,64.0,"[0, 1, 2, 3, 4, 5, 6, 7, 8, 9, 10, 11]","[[0, 1, 2, 3, 4, 5, 6, 7, 8, 9, 10, 11]]",1.0,0,0,0,1.0,1,1,1,0,1.0,1.0,1.0,1.0,0.14968820801004767,2.0360249280929565,210.65781897230772,mmbind_weighted_contrastive,1.0,"[""client_035"", ""client_023"", ""client_011"", ""client_020"", ""client_006"", ""client_001"", ""client_013"", ""client_039""]","[0, 1, 2, 3]","[0, 1, 2, 3]",2,"{""0"": 2, ""1"": 2, ""2"": 2, ""3"": 2}",effective
156,156,1.2034971714019775,1.2034971714019775,1.2034971714019775,0.19078657031059265,0.19078657031059265,3.7434945106506348,3.7434945106506348,1.2767221927642822,1.2767221927642822,0.19078657031059265,0.374349445104599,0.6383610963821411,0.9375,0.9375,0.9277777777777777,0.9277777777777777,0.9354166666666668,8,64,1.0,64,64.0,"[0, 1, 2, 3, 4, 5, 6, 7, 8, 9, 10, 11]","[[0, 1, 2, 3, 4, 5, 6, 7, 8, 9, 10, 11]]",1.0,0,0,0,1.0,1,1,1,0,1.0,1.0,1.0,0.9998356614626129,0.1534791816957295,1.985068529844284,203.2207488680433,mmbind_weighted_contrastive,1.0,"[""client_010"", ""client_026"", ""client_030"", ""client_004"", ""client_005"", ""client_022"", ""client_038"", ""client_019""]","[0, 1, 2, 3]","[0, 1, 2, 3]",2,"{""0"": 2, ""1"": 2, ""2"": 2, ""3"": 2}",effective
157,157,1.0722283124923706,1.0722283124923706,1.0722283124923706,0.09789381176233292,0.09789381176233292,3.76562762260437,3.76562762260437,1.1955435276031494,1.1955435276031494,0.09789381176233292,0.37656277418136597,0.5977717638015747,0.96875,0.96875,0.8907407407407408,0.8907407407407408,0.9631944444444445,8,64,1.0,64,64.0,"[0, 1, 2, 3, 4, 5, 6, 7, 8, 9, 10, 11]","[[0, 1, 2, 3, 4, 5, 6, 7, 8, 9, 10, 11]]",1.0,0,0,0,1.0,1,1,1,0,1.0,1.0,1.0,0.9997566416548368,0.1500461921095848,1.9689359962940216,207.54343878905638,mmbind_weighted_contrastive,1.0,"[""client_014"", ""client_032"", ""client_029"", ""client_009"", ""client_008"", ""client_017"", ""client_033"", ""client_020""]","[0, 1, 2, 3]","[0, 1, 2, 3]",2,"{""0"": 2, ""1"": 2, ""2"": 2, ""3"": 2}",effective
158,158,1.1799004077911377,1.1799004077911377,1.1799004077911377,0.17887809872627258,0.17887809872627258,3.8196825981140137,3.8196825981140137,1.2381081581115723,1.2381081581115723,0.17887809872627258,0.38196825981140137,0.6190540790557861,0.90625,0.90625,0.8484126984126985,0.8484126984126985,0.9040178571428572,8,64,1.0,64,64.0,"[0, 1, 2, 3, 4, 5, 6, 7, 8, 9, 10, 11]","[[0, 1, 2, 3, 4, 5, 6, 7, 8, 9, 10, 11]]",1.0,0,0,0,1.0,1,1,1,0,1.0,1.0,1.0,0.9997597116539848,0.15085431328043342,1.946901261806488,206.57825596403563,mmbind_weighted_contrastive,1.0,"[""client_023"", ""client_006"", ""client_018"", ""client_036"", ""client_016"", ""client_000"", ""client_025"", ""client_035""]","[0, 1, 2, 3]","[0, 1, 2, 3]",2,"{""0"": 2, ""1"": 2, ""2"": 2, ""3"": 2}",effective
159,159,1.1800553798675537,1.1800553798675537,1.1800553798675537,0.13484956324100494,0.13484956324100494,3.8220152854919434,3.8220152854919434,1.3260085582733154,1.3260085582733154,0.13484956324100494,0.38220152258872986,0.6630042791366577,1.0,1.0,1.0,1.0,1.0,8,64,1.0,64,64.0,"[0, 1, 2, 3, 4, 5, 6, 7, 8, 9, 10, 11]","[[0, 1, 2, 3, 4, 5, 6, 7, 8, 9, 10, 11]]",1.0,0,0,0,1.0,1,1,1,0,1.0,1.0,1.0,0.9998418034407751,0.15177141083404422,2.009424149990082,203.040804918739,mmbind_weighted_contrastive,1.0,"[""client_037"", ""client_011"", ""client_027"", ""client_002"", ""client_034"", ""client_001"", ""client_021"", ""client_012""]","[0, 1, 2, 3]","[0, 1, 2, 3]",2,"{""0"": 2, ""1"": 2, ""2"": 2, ""3"": 2}",effective
160,160,1.193697452545166,1.193697452545166,1.193697452545166,0.18871115148067474,0.18871115148067474,3.74294376373291,3.74294376373291,1.2613837718963623,1.2613837718963623,0.18871115148067474,0.37429437041282654,0.6306918859481812,0.9375,0.9375,0.9516177602302004,0.9516177602302004,0.9383683750460066,8,64,1.0,64,64.0,"[0, 1, 2, 3, 4, 5, 6, 7, 8, 9, 10, 11]","[[0, 1, 2, 3, 4, 5, 6, 7, 8, 9, 10, 11]]",1.0,0,0,0,1.0,1,1,1,0,1.0,1.0,1.0,1.0,0.15033298870548606,2.0134600400924683,208.7462252251571,mmbind_weighted_contrastive,1.0,"[""client_024"", ""client_028"", ""client_039"", ""client_013"", ""client_015"", ""client_003"", ""client_031"", ""client_007""]","[0, 1, 2, 3]","[0, 1, 2, 3]",2,"{""0"": 2, ""1"": 2, ""2"": 2, ""3"": 2}",effective
161,161,1.174215316772461,1.174215316772461,1.174215316772461,0.1925567239522934,0.1925567239522934,3.771766424179077,3.771766424179077,1.2089637517929077,1.2089637517929077,0.1925567239522934,0.3771766424179077,0.6044818758964539,0.921875,0.921875,0.9227457034943666,0.9227457034943666,0.9196869307163424,8,64,1.0,64,64.0,"[0, 1, 2, 3, 4, 5, 6, 7, 8, 9, 10, 11]","[[0, 1, 2, 3, 4, 5, 6, 7, 8, 9, 10, 11]]",1.0,0,0,0,1.0,1,1,1,0,1.0,1.0,1.0,0.9998457087753134,0.15147569216787815,1.9826723039150238,203.48113183298847,mmbind_weighted_contrastive,1.0,"[""client_012"", ""client_028"", ""client_004"", ""client_036"", ""client_026"", ""client_033"", ""client_013"", ""client_005""]","[0, 1, 2, 3]","[0, 1, 2, 3]",2,"{""0"": 2, ""1"": 2, ""2"": 2, ""3"": 2}",effective
162,162,1.1232476234436035,1.1232476234436035,1.1232476234436035,0.13072077929973602,0.13072077929973602,3.7586467266082764,3.7586467266082764,1.233324408531189,1.233324408531189,0.13072077929973602,0.3758646845817566,0.6166622042655945,0.953125,0.953125,0.9575163398692811,0.9575163398692811,0.9494485294117647,8,64,1.0,64,64.0,"[0, 1, 2, 3, 4, 5, 6, 7, 8, 9, 10, 11]","[[0, 1, 2, 3, 4, 5, 6, 7, 8, 9, 10, 11]]",1.0,0,0,0,1.0,1,1,1,0,1.0,1.0,1.0,0.9997714285714285,0.15105976397171617,2.00826695561409,203.06117546901805,mmbind_weighted_contrastive,1.0,"[""client_039"", ""client_000"", ""client_003"", ""client_011"", ""client_017"", ""client_024"", ""client_037"", ""client_025""]","[0, 1, 2, 3]","[0, 1, 2, 3]",2,"{""0"": 2, ""1"": 2, ""2"": 2, ""3"": 2}",effective
163,163,1.100722074508667,1.100722074508667,1.100722074508667,0.1634024679660797,0.1634024679660797,3.658730983734131,3.658730983734131,1.1428930759429932,1.1428930759429932,0.1634024679660797,0.3658730983734131,0.5714465379714966,0.9375,0.9375,0.9057971014492754,0.9057971014492754,0.927536231884058,8,64,1.0,64,64.0,"[0, 1, 2, 3, 4, 5, 6, 7, 8, 9, 10, 11]","[[0, 1, 2, 3, 4, 5, 6, 7, 8, 9, 10, 11]]",1.0,0,0,0,1.0,1,1,1,0,1.0,1.0,1.0,0.9997742238946378,0.15047789085656404,2.050477236509323,201.18563384801382,mmbind_weighted_contrastive,1.0,"[""client_019"", ""client_022"", ""client_032"", ""client_006"", ""client_020"", ""client_014"", ""client_035"", ""client_008""]","[0, 1, 2, 3]","[0, 1, 2, 3]",2,"{""0"": 2, ""1"": 2, ""2"": 2, ""3"": 2}",effective
164,164,1.142040491104126,1.142040491104126,1.142040491104126,0.1529843956232071,0.1529843956232071,3.7327353954315186,3.7327353954315186,1.231564998626709,1.231564998626709,0.1529843956232071,0.3732735514640808,0.6157824993133545,0.96875,0.96875,0.9585769980506823,0.9585769980506823,0.9665570175438597,8,64,1.0,64,64.0,"[0, 1, 2, 3, 4, 5, 6, 7, 8, 9, 10, 11]","[[0, 1, 2, 3, 4, 5, 6, 7, 8, 9, 10, 11]]",1.0,0,0,0,1.0,1,1,1,0,1.0,1.0,1.0,0.9998513011152417,0.15264598513022065,2.055319845676422,201.43610795849236,mmbind_weighted_contrastive,1.0,"[""client_007"", ""client_023"", ""client_038"", ""client_018"", ""client_001"", ""client_027"", ""client_034"", ""client_016""]","[0, 1, 2, 3]","[0, 1, 2, 3]",2,"{""0"": 2, ""1"": 2, ""2"": 2, ""3"": 2}",effective
165,165,1.1022975444793701,1.1022975444793701,1.1022975444793701,0.13019797205924988,0.13019797205924988,3.7220025062561035,3.7220025062561035,1.1997987031936646,1.1997987031936646,0.13019797205924988,0.37220025062561035,0.5998993515968323,0.984375,0.984375,0.9841269841269842,0.9841269841269842,0.9836309523809524,8,64,1.0,64,64.0,"[0, 1, 2, 3, 4, 5, 6, 7, 8, 9, 10, 11]","[[0, 1, 2, 3, 4, 5, 6, 7, 8, 9, 10, 11]]",1.0,0,0,0,1.0,1,1,1,0,1.0,1.0,1.0,1.0,0.14954016916453838,2.100246697664261,207.97441064292798,mmbind_weighted_contrastive,1.0,"[""client_021"", ""client_031"", ""client_009"", ""client_010"", ""client_030"", ""client_029"", ""client_002"", ""client_015""]","[0, 1, 2, 3]","[0, 1, 2, 3]",2,"{""0"": 2, ""1"": 2, ""2"": 2, ""3"": 2}",effective
166,166,1.1417415142059326,1.1417415142059326,1.1417415142059326,0.14695997536182404,0.14695997536182404,3.7703680992126465,3.7703680992126465,1.2354893684387207,1.2354893684387207,0.14695997536182404,0.37703680992126465,0.6177446842193604,0.9375,0.9375,0.9482905611135276,0.9482905611135276,0.9357595693779904,8,64,1.0,64,64.0,"[0, 1, 2, 3, 4, 5, 6, 7, 8, 9, 10, 11]","[[0, 1, 2, 3, 4, 5, 6, 7, 8, 9, 10, 11]]",1.0,0,0,0,1.0,1,1,1,0,1.0,1.0,1.0,0.9998548621190131,0.16090185334905982,1.9983331561088562,198.3811756898358,mmbind_weighted_contrastive,1.0,"[""client_026"", ""client_036"", ""client_022"", ""client_001"", ""client_005"", ""client_011"", ""client_015"", ""client_030""]","[0, 1, 2, 3]","[0, 1, 2, 3]",2,"{""0"": 2, ""1"": 2, ""2"": 2, ""3"": 2}",effective
167,167,1.0713046789169312,1.0713046789169312,1.0713046789169312,0.0943557396531105,0.0943557396531105,3.7028961181640625,3.7028961181640625,1.2133185863494873,1.2133185863494873,0.0943557396531105,0.3702896237373352,0.6066592931747437,0.96875,0.96875,0.9714285714285715,0.9714285714285715,0.9678571428571427,8,64,1.0,64,64.0,"[0, 1, 2, 3, 4, 5, 6, 7, 8, 9, 10, 11]","[[0, 1, 2, 3, 4, 5, 6, 7, 8, 9, 10, 11]]",1.0,0,0,0,1.0,1,1,1,0,1.0,1.0,1.0,0.9997849076895501,0.15080312313511968,1.9725454449653625,200.10427390877157,mmbind_weighted_contrastive,1.0,"[""client_000"", ""client_034"", ""client_025"", ""client_007"", ""client_023"", ""client_038"", ""client_014"", ""client_012""]","[0, 1, 2, 3]","[0, 1, 2, 3]",2,"{""0"": 2, ""1"": 2, ""2"": 2, ""3"": 2}",effective
168,168,1.0638985633850098,1.0638985633850098,1.0638985633850098,0.07915885001420975,0.07915885001420975,3.8476779460906982,3.8476779460906982,1.1999439001083374,1.1999439001083374,0.07915885001420975,0.3847678005695343,0.5999719500541687,0.96875,0.96875,0.970090515545061,0.970090515545061,0.9686417748917748,8,64,1.0,64,64.0,"[0, 1, 2, 3, 4, 5, 6, 7, 8, 9, 10, 11]","[[0, 1, 2, 3, 4, 5, 6, 7, 8, 9, 10, 11]]",1.0,0,0,0,1.0,1,1,1,0,1.0,1.0,1.0,0.999787460148778,0.1755571928806603,1.9946446120738983,204.30601825291524,mmbind_weighted_contrastive,1.0,"[""client_006"", ""client_013"", ""client_003"", ""client_016"", ""client_039"", ""client_027"", ""client_031"", ""client_028""]","[0, 1, 2, 3]","[0, 1, 2, 3]",2,"{""0"": 2, ""1"": 2, ""2"": 2, ""3"": 2}",effective
169,169,1.0995434522628784,1.0995434522628784,1.0995434522628784,0.1541457325220108,0.1541457325220108,3.6468429565429688,3.6468429565429688,1.1614267826080322,1.1614267826080322,0.1541457325220108,0.3646843135356903,0.5807133913040161,0.9375,0.9375,0.9481481481481482,0.9481481481481482,0.9319444444444445,8,64,1.0,64,64.0,"[0, 1, 2, 3, 4, 5, 6, 7, 8, 9, 10, 11]","[[0, 1, 2, 3, 4, 5, 6, 7, 8, 9, 10, 11]]",1.0,0,0,0,1.0,1,1,1,0,1.0,1.0,1.0,0.9998599684929109,0.15189902484416962,1.9410778880119324,200.77769949668436,mmbind_weighted_contrastive,1.0,"[""client_020"", ""client_008"", ""client_002"", ""client_024"", ""client_017"", ""client_018"", ""client_033"", ""client_035""]","[0, 1, 2, 3]","[0, 1, 2, 3]",2,"{""0"": 2, ""1"": 2, ""2"": 2, ""3"": 2}",effective
170,170,1.136397123336792,1.136397123336792,1.136397123336792,0.1210407018661499,0.1210407018661499,3.8605666160583496,3.8605666160583496,1.2585995197296143,1.2585995197296143,0.1210407018661499,0.38605666160583496,0.6292997598648071,0.953125,0.953125,0.9041889483065955,0.9041889483065955,0.9528743315508021,8,64,1.0,64,64.0,"[0, 1, 2, 3, 4, 5, 6, 7, 8, 9, 10, 11]","[[0, 1, 2, 3, 4, 5, 6, 7, 8, 9, 10, 11]]",1.0,0,0,0,1.0,1,1,1,0,1.0,1.0,1.0,1.0,0.16082667605951428,1.8744255602359772,203.14188494542032,mmbind_weighted_contrastive,1.0,"[""client_009"", ""client_010"", ""client_004"", ""client_032"", ""client_037"", ""client_021"", ""client_029"", ""client_019""]","[0, 1, 2, 3]","[0, 1, 2, 3]",2,"{""0"": 2, ""1"": 2, ""2"": 2, ""3"": 2}",effective
171,171,1.18155837059021,1.18155837059021,1.18155837059021,0.19416092336177826,0.19416092336177826,3.765104293823242,3.765104293823242,1.2217738628387451,1.2217738628387451,0.19416092336177826,0.3765104413032532,0.6108869314193726,0.9375,0.9375,0.933269345034051,0.933269345034051,0.93550465057818,8,64,1.0,64,64.0,"[0, 1, 2, 3, 4, 5, 6, 7, 8, 9, 10, 11]","[[0, 1, 2, 3, 4, 5, 6, 7, 8, 9, 10, 11]]",1.0,0,0,0,1.0,1,1,1,0,1.0,1.0,1.0,0.9998632244828176,0.1520950309932232,1.7464374899864197,194.11156001570635,mmbind_weighted_contrastive,1.0,"[""client_018"", ""client_020"", ""client_036"", ""client_037"", ""client_005"", ""client_024"", ""client_016"", ""client_003""]","[0, 1, 2, 3]","[0, 1, 2, 3]",2,"{""0"": 2, ""1"": 2, ""2"": 2, ""3"": 2}",effective
172,172,1.0903668403625488,1.0903668403625488,1.0903668403625488,0.12801826000213623,0.12801826000213623,3.7352120876312256,3.7352120876312256,1.1776546239852905,1.1776546239852905,0.12801826000213623,0.37352120876312256,0.5888273119926453,0.953125,0.953125,0.960839160839161,0.960839160839161,0.9528846153846154,8,64,1.0,64,64.0,"[0, 1, 2, 3, 4, 5, 6, 7, 8, 9, 10, 11]","[[0, 1, 2, 3, 4, 5, 6, 7, 8, 9, 10, 11]]",1.0,0,0,0,1.0,1,1,1,0,1.0,1.0,1.0,0.9997972287935113,0.15427318215370178,1.7627197802066803,196.54317545879167,mmbind_weighted_contrastive,1.0,"[""client_017"", ""client_022"", ""client_034"", ""client_025"", ""client_033"", ""client_001"", ""client_015"", ""client_008""]","[0, 1, 2, 3]","[0, 1, 2, 3]",2,"{""0"": 2, ""1"": 2, ""2"": 2, ""3"": 2}",effective
173,173,1.0914888381958008,1.0914888381958008,1.0914888381958008,0.1307496577501297,0.1307496577501297,3.7223870754241943,3.7223870754241943,1.1770007610321045,1.1770007610321045,0.1307496577501297,0.37223872542381287,0.5885003805160522,0.953125,0.953125,0.8835470085470086,0.8835470085470086,0.9591346153846154,8,64,1.0,64,64.0,"[0, 1, 2, 3, 4, 5, 6, 7, 8, 9, 10, 11]","[[0, 1, 2, 3, 4, 5, 6, 7, 8, 9, 10, 11]]",1.0,0,0,0,1.0,1,1,1,0,1.0,1.0,1.0,0.9997995657257391,0.151464921887964,1.7472085058689117,201.73227328126086,mmbind_weighted_contrastive,1.0,"[""client_026"", ""client_031"", ""client_006"", ""client_023"", ""client_019"", ""client_002"", ""client_030"", ""client_013""]","[0, 1, 2, 3]","[0, 1, 2, 3]",2,"{""0"": 2, ""1"": 2, ""2"": 2, ""3"": 2}",effective
174,174,1.109978199005127,1.109978199005127,1.109978199005127,0.17504096031188965,0.17504096031188965,3.735846996307373,3.735846996307373,1.1227049827575684,1.1227049827575684,0.17504096031188965,0.37358471751213074,0.5613524913787842,0.96875,0.96875,0.9027777777777778,0.9027777777777778,0.9557291666666666,8,64,1.0,64,64.0,"[0, 1, 2, 3, 4, 5, 6, 7, 8, 9, 10, 11]","[[0, 1, 2, 3, 4, 5, 6, 7, 8, 9, 10, 11]]",1.0,0,0,0,1.0,1,1,1,0,1.0,1.0,1.0,0.9998678996036988,0.15068130986765027,1.6503880620002747,202.19241393959965,mmbind_weighted_contrastive,1.0,"[""client_028"", ""client_009"", ""client_029"", ""client_032"", ""client_035"", ""client_004"", ""client_011"", ""client_014""]","[0, 1, 2, 3]","[0, 1, 2, 3]",2,"{""0"": 2, ""1"": 2, ""2"": 2, ""3"": 2}",effective
175,175,0.9977778196334839,0.9977778196334839,0.9977778196334839,0.07911954075098038,0.07911954075098038,3.6897850036621094,3.6897850036621094,1.0993595123291016,1.0993595123291016,0.07911954075098038,0.36897850036621094,0.5496797561645508,0.96875,0.96875,0.9660921534605744,0.9660921534605744,0.9683445392326971,8,64,1.0,64,64.0,"[0, 1, 2, 3, 4, 5, 6, 7, 8, 9, 10]","[[0, 1, 2, 3, 4, 5, 6, 7, 8, 9, 10]]",1.0,0,0,0,1.0,1,1,1,0,1.0,1.0,1.0,1.0,0.15173472091555595,1.7013580799102783,202.0013197006483,mmbind_weighted_contrastive,1.0,"[""client_039"", ""client_007"", ""client_000"", ""client_038"", ""client_010"", ""client_021"", ""client_027"", ""client_012""]","[0, 1, 2, 3]","[0, 1, 2, 3]",2,"{""0"": 2, ""1"": 2, ""2"": 2, ""3"": 2}",effective
176,176,0.9958959221839905,0.9958959221839905,0.9958959221839905,0.05374639481306076,0.05374639481306076,3.7080419063568115,3.7080419063568115,1.142690658569336,1.142690658569336,0.05374639481306076,0.37080419063568115,0.571345329284668,0.96875,0.96875,0.9661208356860531,0.9661208356860531,0.9671972049689441,8,64,1.0,64,64.0,"[0, 1, 2, 3, 4, 5, 6, 7, 8, 9, 10, 11]","[[0, 1, 2, 3, 4, 5, 6, 7, 8, 9, 10, 11]]",1.0,0,0,0,1.0,1,1,1,0,1.0,1.0,1.0,0.9998708844415752,0.15039352094754577,1.6877780556678772,206.4605276423972,mmbind_weighted_contrastive,1.0,"[""client_015"", ""client_018"", ""client_003"", ""client_038"", ""client_028"", ""client_039"", ""client_001"", ""client_025""]","[0, 1, 2, 3]","[0, 1, 2, 3]",2,"{""0"": 2, ""1"": 2, ""2"": 2, ""3"": 2}",effective
177,177,1.1927779912948608,1.1927779912948608,1.1927779912948608,0.17919842898845673,0.17919842898845673,3.794079303741455,3.794079303741455,1.268343210220337,1.268343210220337,0.17919842898845673,0.37940794229507446,0.6341716051101685,0.9375,0.9375,0.9078282828282828,0.9078282828282828,0.9344223484848484,8,64,1.0,64,64.0,"[0, 1, 2, 3, 4, 5, 6, 7, 8, 9, 10, 11]","[[0, 1, 2, 3, 4, 5, 6, 7, 8, 9, 10, 11]]",1.0,0,0,0,1.0,1,1,1,0,1.0,1.0,1.0,0.9998085208233605,0.1527981460094452,1.5995800495147705,192.21910220044083,mmbind_weighted_contrastive,1.0,"[""client_017"", ""client_013"", ""client_037"", ""client_008"", ""client_023"", ""client_024"", ""client_007"", ""client_033""]","[0, 1, 2, 3]","[0, 1, 2, 3]",2,"{""0"": 2, ""1"": 2, ""2"": 2, ""3"": 2}",effective
178,178,1.0256731510162354,1.0256731510162354,1.0256731510162354,0.11245395988225937,0.11245395988225937,3.736391067504883,3.736391067504883,1.0791600942611694,1.0791600942611694,0.11245395988225937,0.3736391067504883,0.5395800471305847,0.9375,0.9375,0.9437856829161176,0.9437856829161176,0.9322161835748792,8,64,1.0,64,64.0,"[0, 1, 2, 3, 4, 5, 6, 7, 8, 9, 10, 11]","[[0, 1, 2, 3, 4, 5, 6, 7, 8, 9, 10, 11]]",1.0,0,0,0,1.0,1,1,1,0,1.0,1.0,1.0,0.9998106658251814,0.15944115119054914,1.6316334009170532,197.48758043721318,mmbind_weighted_contrastive,1.0,"[""client_031"", ""client_010"", ""client_026"", ""client_027"", ""client_016"", ""client_032"", ""client_005"", ""client_004""]","[0, 1, 2, 3]","[0, 1, 2, 3]",2,"{""0"": 2, ""1"": 2, ""2"": 2, ""3"": 2}",effective
179,179,1.0242486000061035,1.0242486000061035,1.0242486000061035,0.058536168187856674,0.058536168187856674,3.709723949432373,3.709723949432373,1.1894800662994385,1.1894800662994385,0.058536168187856674,0.3709723949432373,0.5947400331497192,1.0,1.0,1.0,1.0,1.0,8,64,1.0,64,64.0,"[0, 1, 2, 3, 4, 5, 6, 7, 8, 9, 10, 11]","[[0, 1, 2, 3, 4, 5, 6, 7, 8, 9, 10, 11]]",1.0,0,0,0,1.0,1,1,1,0,1.0,1.0,1.0,0.9998751755344047,0.15174625581130385,1.6568888127803802,198.0786782336363,mmbind_weighted_contrastive,1.0,"[""client_006"", ""client_030"", ""client_034"", ""client_019"", ""client_021"", ""client_009"", ""client_012"", ""client_022""]","[0, 1, 2, 3]","[0, 1, 2, 3]",2,"{""0"": 2, ""1"": 2, ""2"": 2, ""3"": 2}",effective
180,180,1.150620937347412,1.150620937347412,1.150620937347412,0.20017629861831665,0.20017629861831665,3.6906332969665527,3.6906332969665527,1.1627626419067383,1.1627626419067383,0.20017629861831665,0.3690633475780487,0.5813813209533691,0.890625,0.890625,0.8527777777777777,0.8527777777777777,0.8942708333333333,8,64,1.0,64,64.0,"[0, 1, 2, 3, 4, 5, 6, 7, 8, 9, 10, 11]","[[0, 1, 2, 3, 4, 5, 6, 7, 8, 9, 10, 11]]",1.0,0,0,0,1.0,1,1,1,0,1.0,1.0,1.0,1.0,0.15191901521757245,1.6045998632907867,190.21315964739188,mmbind_weighted_contrastive,1.0,"[""client_011"", ""client_014"", ""client_036"", ""client_002"", ""client_029"", ""client_020"", ""client_035"", ""client_000""]","[0, 1, 2, 3]","[0, 1, 2, 3]",2,"{""0"": 2, ""1"": 2, ""2"": 2, ""3"": 2}",effective
181,181,1.1433933973312378,1.1433933973312378,1.1433933973312378,0.17048902809619904,0.17048902809619904,3.717583417892456,3.717583417892456,1.2022920846939087,1.2022920846939087,0.17048902809619904,0.3717583417892456,0.6011460423469543,0.921875,0.921875,0.923670465337132,0.923670465337132,0.9165998931623932,8,64,1.0,64,64.0,"[0, 1, 2, 3, 4, 5, 6, 7, 8, 9, 10, 11]","[[0, 1, 2, 3, 4, 5, 6, 7, 8, 9, 10, 11]]",1.0,0,0,0,1.0,1,1,1,0,1.0,1.0,1.0,0.9998779185106058,0.148674959782511,1.590052843093872,198.57683209542301,mmbind_weighted_contrastive,1.0,"[""client_038"", ""client_001"", ""client_027"", ""client_014"", ""client_029"", ""client_018"", ""client_030"", ""client_003""]","[0, 1, 2, 3]","[0, 1, 2, 3]",2,"{""0"": 2, ""1"": 2, ""2"": 2, ""3"": 2}",effective
182,182,1.0103586912155151,1.0103586912155151,1.0103586912155151,0.05227314308285713,0.05227314308285713,3.8208460807800293,3.8208460807800293,1.1520018577575684,1.1520018577575684,0.05227314308285713,0.38208460807800293,0.5760009288787842,0.984375,0.984375,0.9603174603174603,0.9603174603174603,0.9858630952380952,8,64,1.0,64,64.0,"[0, 1, 2, 3, 4, 5, 6, 7, 8, 9, 10, 11]","[[0, 1, 2, 3, 4, 5, 6, 7, 8, 9, 10, 11]]",1.0,0,0,0,1.0,1,1,1,0,1.0,1.0,1.0,0.9998188952610927,0.15119293192401528,1.6042743921279907,195.51702430311707,mmbind_weighted_contrastive,1.0,"[""client_036"", ""client_010"", ""client_020"", ""client_028"", ""client_000"", ""client_002"", ""client_031"", ""client_019""]","[0, 1, 2, 3]","[0, 1, 2, 3]",2,"{""0"": 2, ""1"": 2, ""2"": 2, ""3"": 2}",effective
183,183,1.1148850917816162,1.1148850917816162,1.1148850917816162,0.1777133196592331,0.1777133196592331,3.7360572814941406,3.7360572814941406,1.1271319389343262,1.1271319389343262,0.1777133196592331,0.37360572814941406,0.5635659694671631,0.921875,0.921875,0.9277777777777777,0.9277777777777777,0.9229166666666667,8,64,1.0,64,64.0,"[0, 1, 2, 3, 4, 5, 6, 7, 8, 9, 10, 11]","[[0, 1, 2, 3, 4, 5, 6, 7, 8, 9, 10, 11]]",1.0,0,0,0,1.0,1,1,1,0,1.0,1.0,1.0,0.999820868786386,0.15150835271924734,1.5147545337677002,192.14296614093473,mmbind_weighted_contrastive,1.0,"[""client_017"", ""client_039"", ""client_013"", ""client_026"", ""client_035"", ""client_024"", ""client_008"", ""client_004""]","[0, 1, 2, 3]","[0, 1, 2, 3]",2,"{""0"": 2, ""1"": 2, ""2"": 2, ""3"": 2}",effective
184,184,1.006238341331482,1.006238341331482,1.006238341331482,0.07355255633592606,0.07355255633592606,3.6940667629241943,3.6940667629241943,1.1265583038330078,1.1265583038330078,0.07355255633592606,0.36940667033195496,0.5632791519165039,0.984375,0.984375,0.9875222816399286,0.9875222816399286,0.9841243315508021,8,64,1.0,64,64.0,"[0, 1, 2, 3, 4, 5, 6, 7, 8, 9, 10, 11]","[[0, 1, 2, 3, 4, 5, 6, 7, 8, 9, 10, 11]]",1.0,0,0,0,1.0,1,1,1,0,1.0,1.0,1.0,0.9998818665091553,0.15075460588559508,1.4984902739524841,188.86265505925985,mmbind_weighted_contrastive,1.0,"[""client_037"", ""client_025"", ""client_009"", ""client_034"", ""client_016"", ""client_023"", ""client_005"", ""client_011""]","[0, 1, 2, 3]","[0, 1, 2, 3]",2,"{""0"": 2, ""1"": 2, ""2"": 2, ""3"": 2}",effective
185,185,1.0456483364105225,1.0456483364105225,1.0456483364105225,0.09401386976242065,0.09401386976242065,3.7682390213012695,3.7682390213012695,1.1496210098266602,1.1496210098266602,0.09401386976242065,0.37682390213012695,0.5748105049133301,0.953125,0.953125,0.9374514374514376,0.9374514374514376,0.9562633547008547,8,64,1.0,64,64.0,"[0, 1, 2, 3, 4, 5, 6, 7, 8, 9, 10]","[[0, 1, 2, 3, 4, 5, 6, 7, 8, 9, 10]]",1.0,0,0,0,1.0,1,1,1,0,1.0,1.0,1.0,1.0,0.15131825162097812,1.4649493098258972,199.14303069218295,mmbind_weighted_contrastive,1.0,"[""client_032"", ""client_012"", ""client_022"", ""client_015"", ""client_021"", ""client_007"", ""client_033"", ""client_006""]","[0, 1, 2, 3]","[0, 1, 2, 3]",2,"{""0"": 2, ""1"": 2, ""2"": 2, ""3"": 2}",effective
186,186,1.0086488723754883,1.0086488723754883,1.0086488723754883,0.054355423897504807,0.054355423897504807,3.773591995239258,3.773591995239258,1.1538684368133545,1.1538684368133545,0.054355423897504807,0.37735921144485474,0.5769342184066772,0.984375,0.984375,0.9761904761904763,0.9761904761904763,0.984375,8,64,1.0,64,64.0,"[0, 1, 2, 3, 4, 5, 6, 7, 8, 9, 10, 11]","[[0, 1, 2, 3, 4, 5, 6, 7, 8, 9, 10, 11]]",1.0,0,0,0,1.0,1,1,1,0,1.0,1.0,1.0,0.9998843930635838,0.15028195083141327,1.4692963659763336,199.37263328081463,mmbind_weighted_contrastive,1.0,"[""client_026"", ""client_021"", ""client_030"", ""client_012"", ""client_001"", ""client_038"", ""client_016"", ""client_004""]","[0, 1, 2, 3]","[0, 1, 2, 3]",2,"{""0"": 2, ""1"": 2, ""2"": 2, ""3"": 2}",effective
187,187,0.9668316841125488,0.9668316841125488,0.9668316841125488,0.044930100440979004,0.044930100440979004,3.675743579864502,3.675743579864502,1.108654499053955,1.108654499053955,0.044930100440979004,0.3675743639469147,0.5543272495269775,1.0,1.0,1.0,1.0,1.0,8,64,1.0,64,64.0,"[0, 1, 2, 3, 4, 5, 6, 7, 8, 9, 10, 11]","[[0, 1, 2, 3, 4, 5, 6, 7, 8, 9, 10, 11]]",1.0,0,0,0,1.0,1,1,1,0,1.0,1.0,1.0,0.9998284488920658,0.15787026518955827,1.4995318949222565,196.98842801578576,mmbind_weighted_contrastive,1.0,"[""client_033"", ""client_000"", ""client_014"", ""client_031"", ""client_028"", ""client_009"", ""client_011"", ""client_024""]","[0, 1, 2, 3]","[0, 1, 2, 3]",2,"{""0"": 2, ""1"": 2, ""2"": 2, ""3"": 2}",effective
188,188,0.9365640878677368,0.9365640878677368,0.9365640878677368,0.04240206629037857,0.04240206629037857,3.6645913124084473,3.6645913124084473,1.0554057359695435,1.0554057359695435,0.04240206629037857,0.3664591312408447,0.5277028679847717,1.0,1.0,1.0,1.0,1.0,8,64,1.0,64,64.0,"[0, 1, 2, 3, 4, 5, 6, 7, 8, 9, 10, 11]","[[0, 1, 2, 3, 4, 5, 6, 7, 8, 9, 10, 11]]",1.0,0,0,0,1.0,1,1,1,0,1.0,1.0,1.0,0.9998302687411599,0.1521888906136155,1.5706824660301208,188.52750689577078,mmbind_weighted_contrastive,1.0,"[""client_002"", ""client_018"", ""client_035"", ""client_007"", ""client_027"", ""client_029"", ""client_034"", ""client_015""]","[0, 1, 2, 3]","[0, 1, 2, 3]",2,"{""0"": 2, ""1"": 2, ""2"": 2, ""3"": 2}",effective
189,189,1.044677972793579,1.044677972793579,1.044677972793579,0.1111590713262558,0.1111590713262558,3.708660840988159,3.708660840988159,1.1253055334091187,1.1253055334091187,0.1111590713262558,0.3708660900592804,0.5626527667045593,0.953125,0.953125,0.9494949494949494,0.9494949494949494,0.9517045454545454,8,64,1.0,64,64.0,"[0, 1, 2, 3, 4, 5, 6, 7, 8, 9, 10, 11]","[[0, 1, 2, 3, 4, 5, 6, 7, 8, 9, 10, 11]]",1.0,0,0,0,1.0,1,1,1,0,1.0,1.0,1.0,0.9998880335899231,0.15221309615299106,1.4775903224945068,184.65926696514362,mmbind_weighted_contrastive,1.0,"[""client_013"", ""client_036"", ""client_023"", ""client_006"", ""client_010"", ""client_037"", ""client_022"", ""client_005""]","[0, 1, 2, 3]","[0, 1, 2, 3]",2,"{""0"": 2, ""1"": 2, ""2"": 2, ""3"": 2}",effective
190,190,0.965156078338623,0.965156078338623,0.965156078338623,0.030123291537165642,0.030123291537165642,3.797914505004883,3.797914505004883,1.1104826927185059,1.1104826927185059,0.030123291537165642,0.3797914683818817,0.5552413463592529,1.0,1.0,1.0,1.0,1.0,8,64,1.0,64,64.0,"[0, 1, 2, 3, 4, 5, 6, 7, 8, 9, 10]","[[0, 1, 2, 3, 4, 5, 6, 7, 8, 9, 10]]",1.0,0,0,0,1.0,1,1,1,0,1.0,1.0,1.0,1.0,0.15183176938444376,1.4911473989486694,202.76182843899005,mmbind_weighted_contrastive,1.0,"[""client_032"", ""client_017"", ""client_039"", ""client_025"", ""client_019"", ""client_003"", ""client_020"", ""client_008""]","[0, 1, 2, 3]","[0, 1, 2, 3]",2,"{""0"": 2, ""1"": 2, ""2"": 2, ""3"": 2}",effective
191,191,1.0647468566894531,1.0647468566894531,1.0647468566894531,0.06804551184177399,0.06804551184177399,3.834796667098999,3.834796667098999,1.2264431715011597,1.2264431715011597,0.06804551184177399,0.38347968459129333,0.6132215857505798,0.984375,0.984375,0.9761904761904763,0.9761904761904763,0.984375,8,64,1.0,64,64.0,"[0, 1, 2, 3, 4, 5, 6, 7, 8, 9, 10, 11]","[[0, 1, 2, 3, 4, 5, 6, 7, 8, 9, 10, 11]]",1.0,0,0,0,1.0,1,1,1,0,1.0,1.0,1.0,0.9998903659037961,0.15152526693418622,1.4426555633544922,194.2901631196728,mmbind_weighted_contrastive,1.0,"[""client_018"", ""client_006"", ""client_019"", ""client_025"", ""client_030"", ""client_034"", ""client_007"", ""client_029""]","[0, 1, 2, 3]","[0, 1, 2, 3]",2,"{""0"": 2, ""1"": 2, ""2"": 2, ""3"": 2}",effective
192,192,1.1242897510528564,1.1242897510528564,1.1242897510528564,0.19266390800476074,0.19266390800476074,3.726231098175049,3.726231098175049,1.1180055141448975,1.1180055141448975,0.19266390800476074,0.37262311577796936,0.5590027570724487,0.921875,0.921875,0.9026806526806528,0.9026806526806528,0.9217657342657343,8,64,1.0,64,64.0,"[0, 1, 2, 3, 4, 5, 6, 7, 8, 9, 10, 11]","[[0, 1, 2, 3, 4, 5, 6, 7, 8, 9, 10, 11]]",1.0,0,0,0,1.0,1,1,1,0,1.0,1.0,1.0,0.9998372660699756,0.15114639699459076,1.3354116082191467,191.9767418820993,mmbind_weighted_contrastive,1.0,"[""client_020"", ""client_026"", ""client_032"", ""client_015"", ""client_037"", ""client_000"", ""client_009"", ""client_012""]","[0, 1, 2, 3]","[0, 1, 2, 3]",2,"{""0"": 2, ""1"": 2, ""2"": 2, ""3"": 2}",effective
193,193,0.9905362129211426,0.9905362129211426,0.9905362129211426,0.032055359333753586,0.032055359333753586,3.769935369491577,3.769935369491577,1.1629745960235596,1.1629745960235596,0.032055359333753586,0.3769935369491577,0.5814872980117798,0.984375,0.984375,0.9843304843304844,0.9843304843304844,0.984107905982906,8,64,1.0,64,64.0,"[0, 1, 2, 3, 4, 5, 6, 7, 8, 9, 10, 11]","[[0, 1, 2, 3, 4, 5, 6, 7, 8, 9, 10, 11]]",1.0,0,0,0,1.0,1,1,1,0,1.0,1.0,1.0,0.9998389477922427,0.14990197168663144,1.357460469007492,186.56076849164674,mmbind_weighted_contrastive,1.0,"[""client_023"", ""client_008"", ""client_036"", ""client_005"", ""client_039"", ""client_013"", ""client_022"", ""client_011""]","[0, 1, 2, 3]","[0, 1, 2, 3]",2,"{""0"": 2, ""1"": 2, ""2"": 2, ""3"": 2}",effective
194,194,0.95269775390625,0.95269775390625,0.95269775390625,0.07111629843711853,0.07111629843711853,3.6654117107391357,3.6654117107391357,1.0300805568695068,1.0300805568695068,0.07111629843711853,0.36654117703437805,0.5150402784347534,0.984375,0.984375,0.9770334928229666,0.9770334928229666,0.9832236842105263,8,64,1.0,64,64.0,"[0, 1, 2, 3, 4, 5, 6, 7, 8, 9, 10, 11]","[[0, 1, 2, 3, 4, 5, 6, 7, 8, 9, 10, 11]]",1.0,0,0,0,1.0,1,1,1,0,1.0,1.0,1.0,0.999893730074389,0.1707588997669518,1.3841555416584015,198.0036736773618,mmbind_weighted_contrastive,1.0,"[""client_014"", ""client_016"", ""client_038"", ""client_027"", ""client_002"", ""client_003"", ""client_031"", ""client_024""]","[0, 1, 2, 3]","[0, 1, 2, 3]",2,"{""0"": 2, ""1"": 2, ""2"": 2, ""3"": 2}",effective
195,195,1.0204907655715942,1.0204907655715942,1.0204907655715942,0.10512853413820267,0.10512853413820267,3.730705976486206,3.730705976486206,1.0845832824707031,1.0845832824707031,0.10512853413820267,0.3730705976486206,0.5422916412353516,0.96875,0.96875,0.9629629629629629,0.9629629629629629,0.9652777777777778,8,64,1.0,64,64.0,"[0, 1, 2, 3, 4, 5, 6, 7, 8, 9, 10, 11]","[[0, 1, 2, 3, 4, 5, 6, 7, 8, 9, 10, 11]]",1.0,0,0,0,1.0,1,1,1,0,1.0,1.0,1.0,1.0,0.15249015809968114,1.3578660190105438,194.14571397786494,mmbind_weighted_contrastive,1.0,"[""client_035"", ""client_004"", ""client_017"", ""client_033"", ""client_028"", ""client_010"", ""client_001"", ""client_021""]","[0, 1, 2, 3]","[0, 1, 2, 3]",2,"{""0"": 2, ""1"": 2, ""2"": 2, ""3"": 2}",effective
196,196,1.0834150314331055,1.0834150314331055,1.0834150314331055,0.1338624209165573,0.1338624209165573,3.803781509399414,3.803781509399414,1.138348937034607,1.138348937034607,0.1338624209165573,0.3803781569004059,0.5691744685173035,0.953125,0.953125,0.9507936507936509,0.9507936507936509,0.9500000000000001,8,64,1.0,64,64.0,"[0, 1, 2, 3, 4, 5, 6, 7, 8, 9, 10, 11]","[[0, 1, 2, 3, 4, 5, 6, 7, 8, 9, 10, 11]]",1.0,0,0,0,1.0,1,1,1,0,1.0,1.0,1.0,0.9998958875585633,0.15160459885373712,1.322178214788437,185.75990966096288,mmbind_weighted_contrastive,1.0,"[""client_017"", ""client_039"", ""client_029"", ""client_014"", ""client_033"", ""client_028"", ""client_009"", ""client_003""]","[0, 1, 2, 3]","[0, 1, 2, 3]",2,"{""0"": 2, ""1"": 2, ""2"": 2, ""3"": 2}",effective
197,197,1.0182828903198242,1.0182828903198242,1.0182828903198242,0.07335292547941208,0.07335292547941208,3.735534191131592,3.735534191131592,1.1427531242370605,1.1427531242370605,0.07335292547941208,0.37355342507362366,0.5713765621185303,0.9375,0.9375,0.9428571428571427,0.9428571428571427,0.9375,8,64,1.0,64,64.0,"[0, 1, 2, 3, 4, 5, 6, 7, 8, 9, 10, 11]","[[0, 1, 2, 3, 4, 5, 6, 7, 8, 9, 10, 11]]",1.0,0,0,0,1.0,1,1,1,0,1.0,1.0,1.0,0.9998454205848255,0.15065573109313846,1.3035660982131958,191.4352592350915,mmbind_weighted_contrastive,1.0,"[""client_037"", ""client_032"", ""client_005"", ""client_025"", ""client_011"", ""client_008"", ""client_022"", ""client_016""]","[0, 1, 2, 3]","[0, 1, 2, 3]",2,"{""0"": 2, ""1"": 2, ""2"": 2, ""3"": 2}",effective
198,198,1.0252764225006104,1.0252764225006104,1.0252764225006104,0.0923338532447815,0.0923338532447815,3.723128080368042,3.723128080368042,1.1212595701217651,1.1212595701217651,0.0923338532447815,0.3723128139972687,0.5606297850608826,0.9375,0.9375,0.9264069264069263,0.9264069264069263,0.9338474025974025,8,64,1.0,64,64.0,"[0, 1, 2, 3, 4, 5, 6, 7, 8, 9, 10, 11]","[[0, 1, 2, 3, 4, 5, 6, 7, 8, 9, 10, 11]]",1.0,0,0,0,1.0,1,1,1,0,1.0,1.0,1.0,0.9998469778117827,0.15353129617869854,1.2460133731365204,197.92061651169206,mmbind_weighted_contrastive,1.0,"[""client_038"", ""client_020"", ""client_006"", ""client_015"", ""client_024"", ""client_002"", ""client_013"", ""client_031""]","[0, 1, 2, 3]","[0, 1, 2, 3]",2,"{""0"": 2, ""1"": 2, ""2"": 2, ""3"": 2}",effective
199,199,1.022068738937378,1.022068738937378,1.022068738937378,0.09181025624275208,0.09181025624275208,3.651787281036377,3.651787281036377,1.1301593780517578,1.1301593780517578,0.09181025624275208,0.3651787340641022,0.5650796890258789,0.953125,0.953125,0.9565656565656567,0.9565656565656567,0.952951388888889,8,64,1.0,64,64.0,"[0, 1, 2, 3, 4, 5, 6, 7, 8, 9, 10, 11]","[[0, 1, 2, 3, 4, 5, 6, 7, 8, 9, 10, 11]]",1.0,0,0,0,1.0,1,1,1,0,1.0,1.0,1.0,0.9998990026511804,0.1521855890750885,1.296211838722229,187.75611788209062,mmbind_weighted_contrastive,1.0,"[""client_000"", ""client_019"", ""client_007"", ""client_036"", ""client_023"", ""client_012"", ""client_035"", ""client_027""]","[0, 1, 2, 3]","[0, 1, 2, 3]",2,"{""0"": 2, ""1"": 2, ""2"": 2, ""3"": 2}",effective
200,200,0.9873932600021362,0.9873932600021362,0.9873932600021362,0.04224377125501633,0.04224377125501633,3.813178062438965,3.813178062438965,1.1276633739471436,1.1276633739471436,0.04224377125501633,0.3813178241252899,0.5638316869735718,1.0,1.0,1.0,1.0,1.0,8,64,1.0,64,64.0,"[0, 1, 2, 3, 4, 5, 6, 7, 8, 9, 10, 11]","[[0, 1, 2, 3, 4, 5, 6, 7, 8, 9, 10, 11]]",1.0,0,0,0,1.0,1,1,1,0,1.0,1.0,1.0,1.0,0.148268504999578,1.3140369653701782,191.84072111314163,mmbind_weighted_contrastive,1.0,"[""client_004"", ""client_030"", ""client_010"", ""client_026"", ""client_034"", ""client_001"", ""client_018"", ""client_021""]","[0, 1, 2, 3]","[0, 1, 2, 3]",2,"{""0"": 2, ""1"": 2, ""2"": 2, ""3"": 2}",effective
